Variant;Mutations;Slope;FIO_HG3.17;Sequence
1;I10M,M49L,K50Q,T54V,L69V,Q90H,N102E,A125V,E131S,T142N,M172A,Y174S,R190K,Q207M,H209N,V266S;0.003694967;1.522246528;EAAQSVDQLMKARGKVYFGVATDQNRLTTGKNAAIIQADFGMVWPENSLQWDAVEPSQGNFNFAGADYVVNWAQQNGKLIGGGMLVWHSHLPSWVSSITDKETLTNVMKNHITTLMTRYKGKIRVWDVVGSAFNEDGSLRQNVFLNVIGEDYIPIAFQTARAADPNAKLYIADSNLDSASYPKTQAIVNKVKQWRAAGVPIDGIGSMTNLSAGQGAGVLQALPLLASAGTPEVSILMLDVAGASPTDYVNVVNACLNVQSCVGITSFGVADPDSWRASTTPLLFDGNFNPKPAYNAIVQDLQQ
2;M49L,K50Q,T54V,L69V,S89N,Q90F,T105I,A125V,E131S,P154K,M172A,Y174S,Q207M,H209N,V266S;0.003646979;1.502476449;EAAQSVDQLIKARGKVYFGVATDQNRLTTGKNAAIIQADFGMVWPENSLQWDAVEPSQGNFNFAGADYVVNWAQQNGKLIGGGMLVWHNFLPSWVSSITDKNTLINVMKNHITTLMTRYKGKIRVWDVVGSAFNEDGSLRQTVFLNVIGEDYIKIAFQTARAADPNAKLYIADSNLDSASYPKTQAIVNRVKQWRAAGVPIDGIGSMTNLSAGQGAGVLQALPLLASAGTPEVSILMLDVAGASPTDYVNVVNACLNVQSCVGITSFGVADPDSWRASTTPLLFDGNFNPKPAYNAIVQDLQQ
3;V6I,Q37K,M49L,K50Q,L69V,Q90H,T105I,A125V,E131S,P154K,M172A,Y174S,R190K,Q207M,H209N,V266S,D300N;0.003394652;1.398523408;EAAQSIDQLIKARGKVYFGVATDQNRLTTGKNAAIIKADFGMVWPENSLQWDATEPSQGNFNFAGADYVVNWAQQNGKLIGGGMLVWHSHLPSWVSSITDKNTLINVMKNHITTLMTRYKGKIRVWDVVGSAFNEDGSLRQTVFLNVIGEDYIKIAFQTARAADPNAKLYIADSNLDSASYPKTQAIVNKVKQWRAAGVPIDGIGSMTNLSAGQGAGVLQALPLLASAGTPEVSILMLDVAGASPTDYVNVVNACLNVQSCVGITSFGVADPDSWRASTTPLLFDGNFNPKPAYNAIVQNLQQ
4;Q37K,M49L,K50Q,T54V,L69V,Q90H,N102E,A125V,E131S,P154K,M172A,Y174S,R190K,Q207M,H209N,V266S;0.003307275;1.362526004;EAAQSVDQLIKARGKVYFGVATDQNRLTTGKNAAIIKADFGMVWPENSLQWDAVEPSQGNFNFAGADYVVNWAQQNGKLIGGGMLVWHSHLPSWVSSITDKETLTNVMKNHITTLMTRYKGKIRVWDVVGSAFNEDGSLRQTVFLNVIGEDYIKIAFQTARAADPNAKLYIADSNLDSASYPKTQAIVNKVKQWRAAGVPIDGIGSMTNLSAGQGAGVLQALPLLASAGTPEVSILMLDVAGASPTDYVNVVNACLNVQSCVGITSFGVADPDSWRASTTPLLFDGNFNPKPAYNAIVQDLQQ
HG3.R5;I10M,M49L,K50Q,T54V,L69V,Q90H,N102E,A125V,E131S,P154K,M172A,Y174S,R190K,Q207M,H209N,V266S;0.003282369;1.352265118;EAAQSVDQLMKARGKVYFGVATDQNRLTTGKNAAIIQADFGMVWPENSLQWDAVEPSQGNFNFAGADYVVNWAQQNGKLIGGGMLVWHSHLPSWVSSITDKETLTNVMKNHITTLMTRYKGKIRVWDVVGSAFNEDGSLRQTVFLNVIGEDYIKIAFQTARAADPNAKLYIADSNLDSASYPKTQAIVNKVKQWRAAGVPIDGIGSMTNLSAGQGAGVLQALPLLASAGTPEVSILMLDVAGASPTDYVNVVNACLNVQSCVGITSFGVADPDSWRASTTPLLFDGNFNPKPAYNAIVQDLQQ
5;I10M,M49L,K50Q,T54V,Q90H,N102E,A125V,E131S,P154K,M172A,Y174S,R190K,Q207M,H209N,V266S;0.003235985;1.333156032;EAAQSVDQLMKARGKVYFGVATDQNRLTTGKNAAIIQADFGMVWPENSLQWDAVEPSQGNFNFAGADYLVNWAQQNGKLIGGGMLVWHSHLPSWVSSITDKETLTNVMKNHITTLMTRYKGKIRVWDVVGSAFNEDGSLRQTVFLNVIGEDYIKIAFQTARAADPNAKLYIADSNLDSASYPKTQAIVNKVKQWRAAGVPIDGIGSMTNLSAGQGAGVLQALPLLASAGTPEVSILMLDVAGASPTDYVNVVNACLNVQSCVGITSFGVADPDSWRASTTPLLFDGNFNPKPAYNAIVQDLQQ
6;V6I,M49L,K50Q,T54V,L69V,S89N,Q90F,N102E,A125T,P154K,M172A,Y174S,R190K,Q207M,H209N,V266S;0.003202267;1.319264846;EAAQSIDQLIKARGKVYFGVATDQNRLTTGKNAAIIQADFGMVWPENSLQWDAVEPSQGNFNFAGADYVVNWAQQNGKLIGGGMLVWHNFLPSWVSSITDKETLTNVMKNHITTLMTRYKGKIRTWDVVGEAFNEDGSLRQTVFLNVIGEDYIKIAFQTARAADPNAKLYIADSNLDSASYPKTQAIVNKVKQWRAAGVPIDGIGSMTNLSAGQGAGVLQALPLLASAGTPEVSILMLDVAGASPTDYVNVVNACLNVQSCVGITSFGVADPDSWRASTTPLLFDGNFNPKPAYNAIVQDLQQ
7;V6I,M49L,K50Q,T54V,L69V,Q90H,N102E,A125V,E131S,P154K,M172A,Y174S,R190K,Q207M,H209N,F267M;0.003177937;1.30924136;EAAQSIDQLIKARGKVYFGVATDQNRLTTGKNAAIIQADFGMVWPENSLQWDAVEPSQGNFNFAGADYVVNWAQQNGKLIGGGMLVWHSHLPSWVSSITDKETLTNVMKNHITTLMTRYKGKIRVWDVVGSAFNEDGSLRQTVFLNVIGEDYIKIAFQTARAADPNAKLYIADSNLDSASYPKTQAIVNKVKQWRAAGVPIDGIGSMTNLSAGQGAGVLQALPLLASAGTPEVSILMLDVAGASPTDYVNVVNACLNVQSCVGITVMGVADPDSWRASTTPLLFDGNFNPKPAYNAIVQDLQQ
8;I10M,Q37K,M49L,K50Q,T54V,L69V,S89N,Q90F,A125V,E131S,P154K,M172A,Y174S,R190K,Q207M,H209N,V266S;0.003160985;1.302257547;EAAQSVDQLMKARGKVYFGVATDQNRLTTGKNAAIIKADFGMVWPENSLQWDAVEPSQGNFNFAGADYVVNWAQQNGKLIGGGMLVWHNFLPSWVSSITDKNTLTNVMKNHITTLMTRYKGKIRVWDVVGSAFNEDGSLRQTVFLNVIGEDYIKIAFQTARAADPNAKLYIADSNLDSASYPKTQAIVNKVKQWRAAGVPIDGIGSMTNLSAGQGAGVLQALPLLASAGTPEVSILMLDVAGASPTDYVNVVNACLNVQSCVGITSFGVADPDSWRASTTPLLFDGNFNPKPAYNAIVQDLQQ
9;N47E,K50Q,G82A,M84C,S89N,Q90F,A125T,T142N,T208M,F267M,W275A,R276F,T279S,D300N;0.003135871;1.291911384;EAAQSVDQLIKARGKVYFGVATDQNRLTTGKNAAIIQADFGMVWPEESMQWDATEPSQGNFNFAGADYLVNWAQQNGKLIGAGCLVWHNFLPSWVSSITDKNTLTNVMKNHITTLMTRYKGKIRTWDVVGEAFNEDGSLRQNVFLNVIGEDYIPIAFQTARAADPNAKLYIMDYNLDSASYPKTQAIVNRVKQWRAAGVPIDGIGSQMHLSAGQGAGVLQALPLLASAGTPEVSILMLDVAGASPTDYVNVVNACLNVQSCVGITVMGVADPDSAFASSTPLLFDGNFNPKPAYNAIVQNLQQ
10;I10M,M49L,K50Q,T54V,L69V,Q90H,N102E,A125V,E131S,P154K,M172A,Y174S,Q207M,H209N,V266S;0.00312484;1.287366567;EAAQSVDQLMKARGKVYFGVATDQNRLTTGKNAAIIQADFGMVWPENSLQWDAVEPSQGNFNFAGADYVVNWAQQNGKLIGGGMLVWHSHLPSWVSSITDKETLTNVMKNHITTLMTRYKGKIRVWDVVGSAFNEDGSLRQTVFLNVIGEDYIKIAFQTARAADPNAKLYIADSNLDSASYPKTQAIVNRVKQWRAAGVPIDGIGSMTNLSAGQGAGVLQALPLLASAGTPEVSILMLDVAGASPTDYVNVVNACLNVQSCVGITSFGVADPDSWRASTTPLLFDGNFNPKPAYNAIVQDLQQ
11;V6I,I10M,N47E,K50Q,L69V,Q90H,N102E,A125V,E131S,P154K,M172A,Y174S,R190K,Q207M,H209N,V266S;0.00294623;1.213782988;EAAQSIDQLMKARGKVYFGVATDQNRLTTGKNAAIIQADFGMVWPEESMQWDATEPSQGNFNFAGADYVVNWAQQNGKLIGGGMLVWHSHLPSWVSSITDKETLTNVMKNHITTLMTRYKGKIRVWDVVGSAFNEDGSLRQTVFLNVIGEDYIKIAFQTARAADPNAKLYIADSNLDSASYPKTQAIVNKVKQWRAAGVPIDGIGSMTNLSAGQGAGVLQALPLLASAGTPEVSILMLDVAGASPTDYVNVVNACLNVQSCVGITSFGVADPDSWRASTTPLLFDGNFNPKPAYNAIVQDLQQ
12;I10M,Q37K,N47E,K50Q,L69V,S89N,Q90F,N102E,A125V,E131S,P154K,M172A,Y174S,R190K,Q207M,H209N,V266S;0.002899155;1.194389309;EAAQSVDQLMKARGKVYFGVATDQNRLTTGKNAAIIKADFGMVWPEESMQWDATEPSQGNFNFAGADYVVNWAQQNGKLIGGGMLVWHNFLPSWVSSITDKETLTNVMKNHITTLMTRYKGKIRVWDVVGSAFNEDGSLRQTVFLNVIGEDYIKIAFQTARAADPNAKLYIADSNLDSASYPKTQAIVNKVKQWRAAGVPIDGIGSMTNLSAGQGAGVLQALPLLASAGTPEVSILMLDVAGASPTDYVNVVNACLNVQSCVGITSFGVADPDSWRASTTPLLFDGNFNPKPAYNAIVQDLQQ
13;I10M,Q37K,M49L,K50Q,T54V,L69V,Q90H,N102E,A125T,P154K,M172A,Y174S,R190K,Q207M,H209N,V266S,D300N;0.002897963;1.193898158;EAAQSVDQLMKARGKVYFGVATDQNRLTTGKNAAIIKADFGMVWPENSLQWDAVEPSQGNFNFAGADYVVNWAQQNGKLIGGGMLVWHSHLPSWVSSITDKETLTNVMKNHITTLMTRYKGKIRTWDVVGEAFNEDGSLRQTVFLNVIGEDYIKIAFQTARAADPNAKLYIADSNLDSASYPKTQAIVNKVKQWRAAGVPIDGIGSMTNLSAGQGAGVLQALPLLASAGTPEVSILMLDVAGASPTDYVNVVNACLNVQSCVGITSFGVADPDSWRASTTPLLFDGNFNPKPAYNAIVQNLQQ
14;I10M,M49L,K50Q,T54V,L69V,Q90H,N102E,A125T,E131S,P154K,M172A,Y174S,R190K,Q207M,H209N,V266S,D300N;0.002892405;1.191608383;EAAQSVDQLMKARGKVYFGVATDQNRLTTGKNAAIIQADFGMVWPENSLQWDAVEPSQGNFNFAGADYVVNWAQQNGKLIGGGMLVWHSHLPSWVSSITDKETLTNVMKNHITTLMTRYKGKIRTWDVVGSAFNEDGSLRQTVFLNVIGEDYIKIAFQTARAADPNAKLYIADSNLDSASYPKTQAIVNKVKQWRAAGVPIDGIGSMTNLSAGQGAGVLQALPLLASAGTPEVSILMLDVAGASPTDYVNVVNACLNVQSCVGITSFGVADPDSWRASTTPLLFDGNFNPKPAYNAIVQNLQQ
15;I10M,M49L,K50Q,T54V,L69V,Q90H,A125V,E131S,P154K,M172A,Y174S,R190K,Q207M,H209N,V266S;0.002849342;1.173867249;EAAQSVDQLMKARGKVYFGVATDQNRLTTGKNAAIIQADFGMVWPENSLQWDAVEPSQGNFNFAGADYVVNWAQQNGKLIGGGMLVWHSHLPSWVSSITDKNTLTNVMKNHITTLMTRYKGKIRVWDVVGSAFNEDGSLRQTVFLNVIGEDYIKIAFQTARAADPNAKLYIADSNLDSASYPKTQAIVNKVKQWRAAGVPIDGIGSMTNLSAGQGAGVLQALPLLASAGTPEVSILMLDVAGASPTDYVNVVNACLNVQSCVGITSFGVADPDSWRASTTPLLFDGNFNPKPAYNAIVQDLQQ
16;I10M,Q37K,N47E,K50Q,L69V,Q90H,N102E,A125V,E131S,P154K,M172A,Y174S,R190K,Q207M,H209N,V266S;0.002841179;1.170504236;EAAQSVDQLMKARGKVYFGVATDQNRLTTGKNAAIIKADFGMVWPEESMQWDATEPSQGNFNFAGADYVVNWAQQNGKLIGGGMLVWHSHLPSWVSSITDKETLTNVMKNHITTLMTRYKGKIRVWDVVGSAFNEDGSLRQTVFLNVIGEDYIKIAFQTARAADPNAKLYIADSNLDSASYPKTQAIVNKVKQWRAAGVPIDGIGSMTNLSAGQGAGVLQALPLLASAGTPEVSILMLDVAGASPTDYVNVVNACLNVQSCVGITSFGVADPDSWRASTTPLLFDGNFNPKPAYNAIVQDLQQ
17;I10M,M49L,K50Q,T54V,L69V,Q90H,N102E,T105I,A125V,E131S,P154K,M172A,Y174S,R190K,Q207M,H209N,V266S;0.002832141;1.166780961;EAAQSVDQLMKARGKVYFGVATDQNRLTTGKNAAIIQADFGMVWPENSLQWDAVEPSQGNFNFAGADYVVNWAQQNGKLIGGGMLVWHSHLPSWVSSITDKETLINVMKNHITTLMTRYKGKIRVWDVVGSAFNEDGSLRQTVFLNVIGEDYIKIAFQTARAADPNAKLYIADSNLDSASYPKTQAIVNKVKQWRAAGVPIDGIGSMTNLSAGQGAGVLQALPLLASAGTPEVSILMLDVAGASPTDYVNVVNACLNVQSCVGITSFGVADPDSWRASTTPLLFDGNFNPKPAYNAIVQDLQQ
18;I10M,M49L,K50Q,T54V,L69V,Q90H,N102E,A125V,E131S,P154K,M172A,Y174S,R190K,Q207M,H209N,V266S,D300N;0.002730287;1.124819379;EAAQSVDQLMKARGKVYFGVATDQNRLTTGKNAAIIQADFGMVWPENSLQWDAVEPSQGNFNFAGADYVVNWAQQNGKLIGGGMLVWHSHLPSWVSSITDKETLTNVMKNHITTLMTRYKGKIRVWDVVGSAFNEDGSLRQTVFLNVIGEDYIKIAFQTARAADPNAKLYIADSNLDSASYPKTQAIVNKVKQWRAAGVPIDGIGSMTNLSAGQGAGVLQALPLLASAGTPEVSILMLDVAGASPTDYVNVVNACLNVQSCVGITSFGVADPDSWRASTTPLLFDGNFNPKPAYNAIVQNLQQ
19;V6I,N47E,K50Q,T54V,L69V,Q90H,N102E,T105I,A125V,E131S,P154K,M172A,Y174S,R190K,Q207M,H209N,V266S,D300N;0.002682246;1.105027318;EAAQSIDQLIKARGKVYFGVATDQNRLTTGKNAAIIQADFGMVWPEESMQWDAVEPSQGNFNFAGADYVVNWAQQNGKLIGGGMLVWHSHLPSWVSSITDKETLINVMKNHITTLMTRYKGKIRVWDVVGSAFNEDGSLRQTVFLNVIGEDYIKIAFQTARAADPNAKLYIADSNLDSASYPKTQAIVNKVKQWRAAGVPIDGIGSMTNLSAGQGAGVLQALPLLASAGTPEVSILMLDVAGASPTDYVNVVNACLNVQSCVGITSFGVADPDSWRASTTPLLFDGNFNPKPAYNAIVQNLQQ
20;V6I,M49L,K50Q,T54V,G82A,M84C,S89N,Q90F,N102E,A125T,T142N,T208M,V266S;0.002639571;1.087446178;EAAQSIDQLIKARGKVYFGVATDQNRLTTGKNAAIIQADFGMVWPENSLQWDAVEPSQGNFNFAGADYLVNWAQQNGKLIGAGCLVWHNFLPSWVSSITDKETLTNVMKNHITTLMTRYKGKIRTWDVVGEAFNEDGSLRQNVFLNVIGEDYIPIAFQTARAADPNAKLYIMDYNLDSASYPKTQAIVNRVKQWRAAGVPIDGIGSQMHLSAGQGAGVLQALPLLASAGTPEVSILMLDVAGASPTDYVNVVNACLNVQSCVGITSFGVADPDSWRASTTPLLFDGNFNPKPAYNAIVQDLQQ
21;V6I,N47E,K50Q,T54V,L69V,Q90H,N102E,A125V,E131S,P154K,M172A,Y174S,R190K,Q207M,H209N,V266S;0.002631688;1.084198479;EAAQSIDQLIKARGKVYFGVATDQNRLTTGKNAAIIQADFGMVWPEESMQWDAVEPSQGNFNFAGADYVVNWAQQNGKLIGGGMLVWHSHLPSWVSSITDKETLTNVMKNHITTLMTRYKGKIRVWDVVGSAFNEDGSLRQTVFLNVIGEDYIKIAFQTARAADPNAKLYIADSNLDSASYPKTQAIVNKVKQWRAAGVPIDGIGSMTNLSAGQGAGVLQALPLLASAGTPEVSILMLDVAGASPTDYVNVVNACLNVQSCVGITSFGVADPDSWRASTTPLLFDGNFNPKPAYNAIVQDLQQ
22;I10M,Q37K,M49L,K50Q,T54V,L69V,Q90H,A125V,E131S,P154K,M172A,Y174S,R190K,Q207M,H209N,V266S;0.002622386;1.080366386;EAAQSVDQLMKARGKVYFGVATDQNRLTTGKNAAIIKADFGMVWPENSLQWDAVEPSQGNFNFAGADYVVNWAQQNGKLIGGGMLVWHSHLPSWVSSITDKNTLTNVMKNHITTLMTRYKGKIRVWDVVGSAFNEDGSLRQTVFLNVIGEDYIKIAFQTARAADPNAKLYIADSNLDSASYPKTQAIVNKVKQWRAAGVPIDGIGSMTNLSAGQGAGVLQALPLLASAGTPEVSILMLDVAGASPTDYVNVVNACLNVQSCVGITSFGVADPDSWRASTTPLLFDGNFNPKPAYNAIVQDLQQ
23;V6I,N47E,K50Q,G82A,M84C,S89N,Q90F,T105I,A125T,T142N,T208M,V266S;0.002619456;1.079159237;EAAQSIDQLIKARGKVYFGVATDQNRLTTGKNAAIIQADFGMVWPEESMQWDATEPSQGNFNFAGADYLVNWAQQNGKLIGAGCLVWHNFLPSWVSSITDKNTLINVMKNHITTLMTRYKGKIRTWDVVGEAFNEDGSLRQNVFLNVIGEDYIPIAFQTARAADPNAKLYIMDYNLDSASYPKTQAIVNRVKQWRAAGVPIDGIGSQMHLSAGQGAGVLQALPLLASAGTPEVSILMLDVAGASPTDYVNVVNACLNVQSCVGITSFGVADPDSWRASTTPLLFDGNFNPKPAYNAIVQDLQQ
24;I10M,M49L,K50Q,T54V,L69V,Q90H,N102E,A125V,E131S,P154K,M172A,Y174S,R190K,Q207M,H209N,F267M;0.002609055;1.074874215;EAAQSVDQLMKARGKVYFGVATDQNRLTTGKNAAIIQADFGMVWPENSLQWDAVEPSQGNFNFAGADYVVNWAQQNGKLIGGGMLVWHSHLPSWVSSITDKETLTNVMKNHITTLMTRYKGKIRVWDVVGSAFNEDGSLRQTVFLNVIGEDYIKIAFQTARAADPNAKLYIADSNLDSASYPKTQAIVNKVKQWRAAGVPIDGIGSMTNLSAGQGAGVLQALPLLASAGTPEVSILMLDVAGASPTDYVNVVNACLNVQSCVGITVMGVADPDSWRASTTPLLFDGNFNPKPAYNAIVQDLQQ
25;V6I,M49L,K50Q,T54V,L69V,Q90H,N102E,A125V,E131S,P154K,M172A,Y174S,R190K,Q207M,H209N,V266S;0.002590979;1.067427479;EAAQSIDQLIKARGKVYFGVATDQNRLTTGKNAAIIQADFGMVWPENSLQWDAVEPSQGNFNFAGADYVVNWAQQNGKLIGGGMLVWHSHLPSWVSSITDKETLTNVMKNHITTLMTRYKGKIRVWDVVGSAFNEDGSLRQTVFLNVIGEDYIKIAFQTARAADPNAKLYIADSNLDSASYPKTQAIVNKVKQWRAAGVPIDGIGSMTNLSAGQGAGVLQALPLLASAGTPEVSILMLDVAGASPTDYVNVVNACLNVQSCVGITSFGVADPDSWRASTTPLLFDGNFNPKPAYNAIVQDLQQ
26;V6I,M49L,K50Q,T54V,G82A,M84C,S89N,Q90F,T105I,A125T,T142N,P154K,T208M,F267M,W275A,R276F,T279S,D300N;0.002568178;1.058033927;EAAQSIDQLIKARGKVYFGVATDQNRLTTGKNAAIIQADFGMVWPENSLQWDAVEPSQGNFNFAGADYLVNWAQQNGKLIGAGCLVWHNFLPSWVSSITDKNTLINVMKNHITTLMTRYKGKIRTWDVVGEAFNEDGSLRQNVFLNVIGEDYIKIAFQTARAADPNAKLYIMDYNLDSASYPKTQAIVNRVKQWRAAGVPIDGIGSQMHLSAGQGAGVLQALPLLASAGTPEVSILMLDVAGASPTDYVNVVNACLNVQSCVGITVMGVADPDSAFASSTPLLFDGNFNPKPAYNAIVQNLQQ
27;I10M,M49L,K50Q,T54V,L69V,S89N,Q90F,T105I,A125T,T142N,M172A,Y174S,R190K,Q207M,H209N,V266S;0.002564641;1.056576637;EAAQSVDQLMKARGKVYFGVATDQNRLTTGKNAAIIQADFGMVWPENSLQWDAVEPSQGNFNFAGADYVVNWAQQNGKLIGGGMLVWHNFLPSWVSSITDKNTLINVMKNHITTLMTRYKGKIRTWDVVGEAFNEDGSLRQNVFLNVIGEDYIPIAFQTARAADPNAKLYIADSNLDSASYPKTQAIVNKVKQWRAAGVPIDGIGSMTNLSAGQGAGVLQALPLLASAGTPEVSILMLDVAGASPTDYVNVVNACLNVQSCVGITSFGVADPDSWRASTTPLLFDGNFNPKPAYNAIVQDLQQ
28;I10M,Q37K,M49L,K50Q,T54V,L69V,Q90H,N102E,A125V,E131S,P154K,M172A,Y174S,R190K,Q207M,H209N,V266S;0.002535559;1.044595662;EAAQSVDQLMKARGKVYFGVATDQNRLTTGKNAAIIKADFGMVWPENSLQWDAVEPSQGNFNFAGADYVVNWAQQNGKLIGGGMLVWHSHLPSWVSSITDKETLTNVMKNHITTLMTRYKGKIRVWDVVGSAFNEDGSLRQTVFLNVIGEDYIKIAFQTARAADPNAKLYIADSNLDSASYPKTQAIVNKVKQWRAAGVPIDGIGSMTNLSAGQGAGVLQALPLLASAGTPEVSILMLDVAGASPTDYVNVVNACLNVQSCVGITSFGVADPDSWRASTTPLLFDGNFNPKPAYNAIVQDLQQ
29;I10M,M49L,K50Q,T54V,L69V,Q90H,T105I,A125V,E131S,P154K,M172A,Y174S,R190K,Q207M,H209N,V266S,D300N;0.00251236;1.035037946;EAAQSVDQLMKARGKVYFGVATDQNRLTTGKNAAIIQADFGMVWPENSLQWDAVEPSQGNFNFAGADYVVNWAQQNGKLIGGGMLVWHSHLPSWVSSITDKNTLINVMKNHITTLMTRYKGKIRVWDVVGSAFNEDGSLRQTVFLNVIGEDYIKIAFQTARAADPNAKLYIADSNLDSASYPKTQAIVNKVKQWRAAGVPIDGIGSMTNLSAGQGAGVLQALPLLASAGTPEVSILMLDVAGASPTDYVNVVNACLNVQSCVGITSFGVADPDSWRASTTPLLFDGNFNPKPAYNAIVQNLQQ
30;I10M,M49L,K50Q,T54V,G82A,M84C,S89N,Q90F,T105I,A125T,T142N,R190K,T208M,V266S;0.002509632;1.033914234;EAAQSVDQLMKARGKVYFGVATDQNRLTTGKNAAIIQADFGMVWPENSLQWDAVEPSQGNFNFAGADYLVNWAQQNGKLIGAGCLVWHNFLPSWVSSITDKNTLINVMKNHITTLMTRYKGKIRTWDVVGEAFNEDGSLRQNVFLNVIGEDYIPIAFQTARAADPNAKLYIMDYNLDSASYPKTQAIVNKVKQWRAAGVPIDGIGSQMHLSAGQGAGVLQALPLLASAGTPEVSILMLDVAGASPTDYVNVVNACLNVQSCVGITSFGVADPDSWRASTTPLLFDGNFNPKPAYNAIVQDLQQ
31;V6I,Q37K,N47E,K50Q,G82A,M84C,S89N,Q90F,T105I,A125T,P154K,T208M,F267M,W275A,R276F,T279S;0.002455797;1.011735308;EAAQSIDQLIKARGKVYFGVATDQNRLTTGKNAAIIKADFGMVWPEESMQWDATEPSQGNFNFAGADYLVNWAQQNGKLIGAGCLVWHNFLPSWVSSITDKNTLINVMKNHITTLMTRYKGKIRTWDVVGEAFNEDGSLRQTVFLNVIGEDYIKIAFQTARAADPNAKLYIMDYNLDSASYPKTQAIVNRVKQWRAAGVPIDGIGSQMHLSAGQGAGVLQALPLLASAGTPEVSILMLDVAGASPTDYVNVVNACLNVQSCVGITVMGVADPDSAFASSTPLLFDGNFNPKPAYNAIVQDLQQ
32;V6I,N47E,K50Q,L69V,M84C,S89N,Q90F,T105I,A125T,T142N,R190K,T208M,V266S;0.002445613;1.007539604;EAAQSIDQLIKARGKVYFGVATDQNRLTTGKNAAIIQADFGMVWPEESMQWDATEPSQGNFNFAGADYVVNWAQQNGKLIGGGCLVWHNFLPSWVSSITDKNTLINVMKNHITTLMTRYKGKIRTWDVVGEAFNEDGSLRQNVFLNVIGEDYIPIAFQTARAADPNAKLYIMDYNLDSASYPKTQAIVNKVKQWRAAGVPIDGIGSQMHLSAGQGAGVLQALPLLASAGTPEVSILMLDVAGASPTDYVNVVNACLNVQSCVGITSFGVADPDSWRASTTPLLFDGNFNPKPAYNAIVQDLQQ
33;I10M,M49L,K50Q,T54V,L69V,Q90H,N102E,A125T,T142N,M172A,Y174S,R190K,Q207M,H209N,V266S;0.002435719;1.003463722;EAAQSVDQLMKARGKVYFGVATDQNRLTTGKNAAIIQADFGMVWPENSLQWDAVEPSQGNFNFAGADYVVNWAQQNGKLIGGGMLVWHSHLPSWVSSITDKETLTNVMKNHITTLMTRYKGKIRTWDVVGEAFNEDGSLRQNVFLNVIGEDYIPIAFQTARAADPNAKLYIADSNLDSASYPKTQAIVNKVKQWRAAGVPIDGIGSMTNLSAGQGAGVLQALPLLASAGTPEVSILMLDVAGASPTDYVNVVNACLNVQSCVGITSFGVADPDSWRASTTPLLFDGNFNPKPAYNAIVQDLQQ
HG3.17;V6I,Q37K,N47E,K50Q,G82A,M84C,S89N,Q90F,T105I,A125T,T142N,T208M,F267M,W275A,R276F,T279S,D300N;0.002427312;1;EAAQSIDQLIKARGKVYFGVATDQNRLTTGKNAAIIKADFGMVWPEESMQWDATEPSQGNFNFAGADYLVNWAQQNGKLIGAGCLVWHNFLPSWVSSITDKNTLINVMKNHITTLMTRYKGKIRTWDVVGEAFNEDGSLRQNVFLNVIGEDYIPIAFQTARAADPNAKLYIMDYNLDSASYPKTQAIVNRVKQWRAAGVPIDGIGSQMHLSAGQGAGVLQALPLLASAGTPEVSILMLDVAGASPTDYVNVVNACLNVQSCVGITVMGVADPDSAFASSTPLLFDGNFNPKPAYNAIVQNLQQ
34;V6I,Q37K,M49L,K50Q,T54V,L69V,Q90H,N102E,T105I,A125T,E131S,P154K,M172A,Y174S,R190K,Q207M,H209N,V266S;0.002419657;0.996846518;EAAQSIDQLIKARGKVYFGVATDQNRLTTGKNAAIIKADFGMVWPENSLQWDAVEPSQGNFNFAGADYVVNWAQQNGKLIGGGMLVWHSHLPSWVSSITDKETLINVMKNHITTLMTRYKGKIRTWDVVGSAFNEDGSLRQTVFLNVIGEDYIKIAFQTARAADPNAKLYIADSNLDSASYPKTQAIVNKVKQWRAAGVPIDGIGSMTNLSAGQGAGVLQALPLLASAGTPEVSILMLDVAGASPTDYVNVVNACLNVQSCVGITSFGVADPDSWRASTTPLLFDGNFNPKPAYNAIVQDLQQ
35;I10M,M49L,K50Q,T54V,L69V,Q90H,N102E,A125V,E131S,T142N,P154K,M172A,Y174S,R190K,Q207M,H209N,V266S;0.002395649;0.986955876;EAAQSVDQLMKARGKVYFGVATDQNRLTTGKNAAIIQADFGMVWPENSLQWDAVEPSQGNFNFAGADYVVNWAQQNGKLIGGGMLVWHSHLPSWVSSITDKETLTNVMKNHITTLMTRYKGKIRVWDVVGSAFNEDGSLRQNVFLNVIGEDYIKIAFQTARAADPNAKLYIADSNLDSASYPKTQAIVNKVKQWRAAGVPIDGIGSMTNLSAGQGAGVLQALPLLASAGTPEVSILMLDVAGASPTDYVNVVNACLNVQSCVGITSFGVADPDSWRASTTPLLFDGNFNPKPAYNAIVQDLQQ
36;V6I,M49L,K50Q,T54V,L69V,Q90H,N102E,A125V,E131S,P154K,M172A,Y174S,R190K,Q207M,H209N,V266S,W275A,R276F,T279S;0.002387027;0.983403551;EAAQSIDQLIKARGKVYFGVATDQNRLTTGKNAAIIQADFGMVWPENSLQWDAVEPSQGNFNFAGADYVVNWAQQNGKLIGGGMLVWHSHLPSWVSSITDKETLTNVMKNHITTLMTRYKGKIRVWDVVGSAFNEDGSLRQTVFLNVIGEDYIKIAFQTARAADPNAKLYIADSNLDSASYPKTQAIVNKVKQWRAAGVPIDGIGSMTNLSAGQGAGVLQALPLLASAGTPEVSILMLDVAGASPTDYVNVVNACLNVQSCVGITSFGVADPDSAFASSTPLLFDGNFNPKPAYNAIVQDLQQ
37;I10M,M49L,K50Q,T54V,L69V,Q90H,T105I,A125T,P154K,M172A,Y174S,R190K,Q207M,H209N,V266S;0.002379593;0.980341116;EAAQSVDQLMKARGKVYFGVATDQNRLTTGKNAAIIQADFGMVWPENSLQWDAVEPSQGNFNFAGADYVVNWAQQNGKLIGGGMLVWHSHLPSWVSSITDKNTLINVMKNHITTLMTRYKGKIRTWDVVGEAFNEDGSLRQTVFLNVIGEDYIKIAFQTARAADPNAKLYIADSNLDSASYPKTQAIVNKVKQWRAAGVPIDGIGSMTNLSAGQGAGVLQALPLLASAGTPEVSILMLDVAGASPTDYVNVVNACLNVQSCVGITSFGVADPDSWRASTTPLLFDGNFNPKPAYNAIVQDLQQ
38;V6I,M49L,K50Q,T54V,L69V,Q90H,N102E,A125T,P154K,M172A,Y174S,R190K,Q207M,H209N,V266S,D300N;0.002369956;0.976370623;EAAQSIDQLIKARGKVYFGVATDQNRLTTGKNAAIIQADFGMVWPENSLQWDAVEPSQGNFNFAGADYVVNWAQQNGKLIGGGMLVWHSHLPSWVSSITDKETLTNVMKNHITTLMTRYKGKIRTWDVVGEAFNEDGSLRQTVFLNVIGEDYIKIAFQTARAADPNAKLYIADSNLDSASYPKTQAIVNKVKQWRAAGVPIDGIGSMTNLSAGQGAGVLQALPLLASAGTPEVSILMLDVAGASPTDYVNVVNACLNVQSCVGITSFGVADPDSWRASTTPLLFDGNFNPKPAYNAIVQNLQQ
39;I10M,N47E,K50Q,L69V,Q90H,N102E,A125V,E131S,P154K,M172A,Y174S,R190K,Q207M,H209N,V266S;0.002353269;0.969496195;EAAQSVDQLMKARGKVYFGVATDQNRLTTGKNAAIIQADFGMVWPEESMQWDATEPSQGNFNFAGADYVVNWAQQNGKLIGGGMLVWHSHLPSWVSSITDKETLTNVMKNHITTLMTRYKGKIRVWDVVGSAFNEDGSLRQTVFLNVIGEDYIKIAFQTARAADPNAKLYIADSNLDSASYPKTQAIVNKVKQWRAAGVPIDGIGSMTNLSAGQGAGVLQALPLLASAGTPEVSILMLDVAGASPTDYVNVVNACLNVQSCVGITSFGVADPDSWRASTTPLLFDGNFNPKPAYNAIVQDLQQ
40;V6I,Q37K,N47E,K50Q,G82A,M84C,S89N,Q90F,N102E,A125T,P154K,T208M,V266S;0.002207843;0.909583738;EAAQSIDQLIKARGKVYFGVATDQNRLTTGKNAAIIKADFGMVWPEESMQWDATEPSQGNFNFAGADYLVNWAQQNGKLIGAGCLVWHNFLPSWVSSITDKETLTNVMKNHITTLMTRYKGKIRTWDVVGEAFNEDGSLRQTVFLNVIGEDYIKIAFQTARAADPNAKLYIMDYNLDSASYPKTQAIVNRVKQWRAAGVPIDGIGSQMHLSAGQGAGVLQALPLLASAGTPEVSILMLDVAGASPTDYVNVVNACLNVQSCVGITSFGVADPDSWRASTTPLLFDGNFNPKPAYNAIVQDLQQ
41;I10M,Q37K,M49L,K50Q,T54V,L69V,Q90H,N102E,A125T,P154K,M172A,Y174S,Q207M,H209N,V266S;0.002183215;0.899437324;EAAQSVDQLMKARGKVYFGVATDQNRLTTGKNAAIIKADFGMVWPENSLQWDAVEPSQGNFNFAGADYVVNWAQQNGKLIGGGMLVWHSHLPSWVSSITDKETLTNVMKNHITTLMTRYKGKIRTWDVVGEAFNEDGSLRQTVFLNVIGEDYIKIAFQTARAADPNAKLYIADSNLDSASYPKTQAIVNRVKQWRAAGVPIDGIGSMTNLSAGQGAGVLQALPLLASAGTPEVSILMLDVAGASPTDYVNVVNACLNVQSCVGITSFGVADPDSWRASTTPLLFDGNFNPKPAYNAIVQDLQQ
42;V6I,Q37K,N47E,K50Q,G82A,M84C,Q90H,N102E,A125V,T142N,T208M,F267M,W275A,R276F,T279S,D300N;0.002080187;0.856991959;EAAQSIDQLIKARGKVYFGVATDQNRLTTGKNAAIIKADFGMVWPEESMQWDATEPSQGNFNFAGADYLVNWAQQNGKLIGAGCLVWHSHLPSWVSSITDKETLTNVMKNHITTLMTRYKGKIRVWDVVGEAFNEDGSLRQNVFLNVIGEDYIPIAFQTARAADPNAKLYIMDYNLDSASYPKTQAIVNRVKQWRAAGVPIDGIGSQMHLSAGQGAGVLQALPLLASAGTPEVSILMLDVAGASPTDYVNVVNACLNVQSCVGITVMGVADPDSAFASSTPLLFDGNFNPKPAYNAIVQNLQQ
43;V6I,Q37K,N47E,K50Q,L69V,Q90H,N102E,A125T,T142N,M172A,Y174S,R190K,Q207M,H209N,V266S;0.00207843;0.856268477;EAAQSIDQLIKARGKVYFGVATDQNRLTTGKNAAIIKADFGMVWPEESMQWDATEPSQGNFNFAGADYVVNWAQQNGKLIGGGMLVWHSHLPSWVSSITDKETLTNVMKNHITTLMTRYKGKIRTWDVVGEAFNEDGSLRQNVFLNVIGEDYIPIAFQTARAADPNAKLYIADSNLDSASYPKTQAIVNKVKQWRAAGVPIDGIGSMTNLSAGQGAGVLQALPLLASAGTPEVSILMLDVAGASPTDYVNVVNACLNVQSCVGITSFGVADPDSWRASTTPLLFDGNFNPKPAYNAIVQDLQQ
44;I10M,Q37K,N47E,K50Q,G82A,M84C,S89N,Q90F,T105I,A125T,P154K,T208M,F267M,W275A,R276F,T279S,D300N;0.002069436;0.852563127;EAAQSVDQLMKARGKVYFGVATDQNRLTTGKNAAIIKADFGMVWPEESMQWDATEPSQGNFNFAGADYLVNWAQQNGKLIGAGCLVWHNFLPSWVSSITDKNTLINVMKNHITTLMTRYKGKIRTWDVVGEAFNEDGSLRQTVFLNVIGEDYIKIAFQTARAADPNAKLYIMDYNLDSASYPKTQAIVNRVKQWRAAGVPIDGIGSQMHLSAGQGAGVLQALPLLASAGTPEVSILMLDVAGASPTDYVNVVNACLNVQSCVGITVMGVADPDSAFASSTPLLFDGNFNPKPAYNAIVQNLQQ
45;I10M,Q37K,N47E,K50Q,T54V,L69V,Q90H,N102E,A125V,E131S,P154K,M172A,Y174S,Q207M,H209N,V266S;0.002047575;0.843556708;EAAQSVDQLMKARGKVYFGVATDQNRLTTGKNAAIIKADFGMVWPEESMQWDAVEPSQGNFNFAGADYVVNWAQQNGKLIGGGMLVWHSHLPSWVSSITDKETLTNVMKNHITTLMTRYKGKIRVWDVVGSAFNEDGSLRQTVFLNVIGEDYIKIAFQTARAADPNAKLYIADSNLDSASYPKTQAIVNRVKQWRAAGVPIDGIGSMTNLSAGQGAGVLQALPLLASAGTPEVSILMLDVAGASPTDYVNVVNACLNVQSCVGITSFGVADPDSWRASTTPLLFDGNFNPKPAYNAIVQDLQQ
46;I10M,M49L,K50Q,T54V,L69V,Q90H,T105I,A125T,T142N,P154K,M172A,Y174S,Q207M,H209N,V266S;0.002045236;0.842592972;EAAQSVDQLMKARGKVYFGVATDQNRLTTGKNAAIIQADFGMVWPENSLQWDAVEPSQGNFNFAGADYVVNWAQQNGKLIGGGMLVWHSHLPSWVSSITDKNTLINVMKNHITTLMTRYKGKIRTWDVVGEAFNEDGSLRQNVFLNVIGEDYIKIAFQTARAADPNAKLYIADSNLDSASYPKTQAIVNRVKQWRAAGVPIDGIGSMTNLSAGQGAGVLQALPLLASAGTPEVSILMLDVAGASPTDYVNVVNACLNVQSCVGITSFGVADPDSWRASTTPLLFDGNFNPKPAYNAIVQDLQQ
47;I10M,Q37K,N47E,K50Q,T54V,L69V,Q90H,N102E,T105I,A125T,E131S,P154K,M172A,Y174S,Q207M,H209N,V266S,D300N;0.002036072;0.838817817;EAAQSVDQLMKARGKVYFGVATDQNRLTTGKNAAIIKADFGMVWPEESMQWDAVEPSQGNFNFAGADYVVNWAQQNGKLIGGGMLVWHSHLPSWVSSITDKETLINVMKNHITTLMTRYKGKIRTWDVVGSAFNEDGSLRQTVFLNVIGEDYIKIAFQTARAADPNAKLYIADSNLDSASYPKTQAIVNRVKQWRAAGVPIDGIGSMTNLSAGQGAGVLQALPLLASAGTPEVSILMLDVAGASPTDYVNVVNACLNVQSCVGITSFGVADPDSWRASTTPLLFDGNFNPKPAYNAIVQNLQQ
48;V6I,Q37K,M49L,K50Q,T54V,L69V,Q90H,N102E,T105I,A125T,T142N,P154K,M172A,Y174S,R190K,Q207M,H209N,V266S;0.002033451;0.837737973;EAAQSIDQLIKARGKVYFGVATDQNRLTTGKNAAIIKADFGMVWPENSLQWDAVEPSQGNFNFAGADYVVNWAQQNGKLIGGGMLVWHSHLPSWVSSITDKETLINVMKNHITTLMTRYKGKIRTWDVVGEAFNEDGSLRQNVFLNVIGEDYIKIAFQTARAADPNAKLYIADSNLDSASYPKTQAIVNKVKQWRAAGVPIDGIGSMTNLSAGQGAGVLQALPLLASAGTPEVSILMLDVAGASPTDYVNVVNACLNVQSCVGITSFGVADPDSWRASTTPLLFDGNFNPKPAYNAIVQDLQQ
49;I10M,M49L,K50Q,T54V,L69V,Q90H,N102E,A125V,E131S,T142N,P154K,M172A,Y174S,R190K,Q207M,H209N,V266S;0.002016019;0.830556143;EAAQSVDQLMKARGKVYFGVATDQNRLTTGKNAAIIQADFGMVWPENSLQWDAVEPSQGNFNFAGADYVVNWAQQNGKLIGGGMLVWHSHLPSWVSSITDKETLTNVMKNHITTLMTRYKGKIRVWDVVGSAFNEDGSLRQNVFLNVIGEDYIKIAFQTARAADPNAKLYIADSNLDSASYPKTQAIVNKVKQWRAAGVPIDGIGSMTNLSAGQGAGVLQALPLLASAGTPEVSILMLDVAGASPTDYVNVVNACLNVQSCVGITSFGVADPDSWRASTTPLLFDGNFNPKPAYNAIVQDLQQ
50;V6I,Q37K,N47E,K50Q,G82A,M84C,S89N,Q90F,T105I,A125T,T142N,P154K,T208M,F267M,W275A,R276F,T279S,D300N;0.002006108;0.826473186;EAAQSIDQLIKARGKVYFGVATDQNRLTTGKNAAIIKADFGMVWPEESMQWDATEPSQGNFNFAGADYLVNWAQQNGKLIGAGCLVWHNFLPSWVSSITDKNTLINVMKNHITTLMTRYKGKIRTWDVVGEAFNEDGSLRQNVFLNVIGEDYIKIAFQTARAADPNAKLYIMDYNLDSASYPKTQAIVNRVKQWRAAGVPIDGIGSQMHLSAGQGAGVLQALPLLASAGTPEVSILMLDVAGASPTDYVNVVNACLNVQSCVGITVMGVADPDSAFASSTPLLFDGNFNPKPAYNAIVQNLQQ
51;I10M,Q37K,N47E,K50Q,T54V,L69V,Q90H,N102E,A125V,E131S,P154K,M172A,Y174S,R190K,Q207M,H209N,V266S;0.001958937;0.80703963;EAAQSVDQLMKARGKVYFGVATDQNRLTTGKNAAIIKADFGMVWPEESMQWDAVEPSQGNFNFAGADYVVNWAQQNGKLIGGGMLVWHSHLPSWVSSITDKETLTNVMKNHITTLMTRYKGKIRVWDVVGSAFNEDGSLRQTVFLNVIGEDYIKIAFQTARAADPNAKLYIADSNLDSASYPKTQAIVNKVKQWRAAGVPIDGIGSMTNLSAGQGAGVLQALPLLASAGTPEVSILMLDVAGASPTDYVNVVNACLNVQSCVGITSFGVADPDSWRASTTPLLFDGNFNPKPAYNAIVQDLQQ
52;I10M,M49L,K50Q,T54V,L69V,Q90H,N102E,A125V,T142N,P154K,M172A,Y174S,R190K,Q207M,H209N,V266S;0.001948003;0.802535106;EAAQSVDQLMKARGKVYFGVATDQNRLTTGKNAAIIQADFGMVWPENSLQWDAVEPSQGNFNFAGADYVVNWAQQNGKLIGGGMLVWHSHLPSWVSSITDKETLTNVMKNHITTLMTRYKGKIRVWDVVGEAFNEDGSLRQNVFLNVIGEDYIKIAFQTARAADPNAKLYIADSNLDSASYPKTQAIVNKVKQWRAAGVPIDGIGSMTNLSAGQGAGVLQALPLLASAGTPEVSILMLDVAGASPTDYVNVVNACLNVQSCVGITSFGVADPDSWRASTTPLLFDGNFNPKPAYNAIVQDLQQ
53;I10M,M49L,K50Q,Q90H,N102E,A125V,E131S,P154K,M172A,Y174S,R190K,Q207M,H209N,V266S;0.001945816;0.801634013;EAAQSVDQLMKARGKVYFGVATDQNRLTTGKNAAIIQADFGMVWPENSLQWDATEPSQGNFNFAGADYLVNWAQQNGKLIGGGMLVWHSHLPSWVSSITDKETLTNVMKNHITTLMTRYKGKIRVWDVVGSAFNEDGSLRQTVFLNVIGEDYIKIAFQTARAADPNAKLYIADSNLDSASYPKTQAIVNKVKQWRAAGVPIDGIGSMTNLSAGQGAGVLQALPLLASAGTPEVSILMLDVAGASPTDYVNVVNACLNVQSCVGITSFGVADPDSWRASTTPLLFDGNFNPKPAYNAIVQDLQQ
54;I10M,M49L,K50Q,T54V,L69V,Q90H,N102E,A125T,T142N,P154K,M172A,Y174S,R190K,Q207M,H209N,V266S;0.001912712;0.787996236;EAAQSVDQLMKARGKVYFGVATDQNRLTTGKNAAIIQADFGMVWPENSLQWDAVEPSQGNFNFAGADYVVNWAQQNGKLIGGGMLVWHSHLPSWVSSITDKETLTNVMKNHITTLMTRYKGKIRTWDVVGEAFNEDGSLRQNVFLNVIGEDYIKIAFQTARAADPNAKLYIADSNLDSASYPKTQAIVNKVKQWRAAGVPIDGIGSMTNLSAGQGAGVLQALPLLASAGTPEVSILMLDVAGASPTDYVNVVNACLNVQSCVGITSFGVADPDSWRASTTPLLFDGNFNPKPAYNAIVQDLQQ
55;I10M,Q37K,M49L,K50Q,T54V,L69V,Q90H,N102E,A125T,E131S,P154K,M172A,Y174S,R190K,Q207M,H209N,V266S,D300N;0.001896625;0.781368622;EAAQSVDQLMKARGKVYFGVATDQNRLTTGKNAAIIKADFGMVWPENSLQWDAVEPSQGNFNFAGADYVVNWAQQNGKLIGGGMLVWHSHLPSWVSSITDKETLTNVMKNHITTLMTRYKGKIRTWDVVGSAFNEDGSLRQTVFLNVIGEDYIKIAFQTARAADPNAKLYIADSNLDSASYPKTQAIVNKVKQWRAAGVPIDGIGSMTNLSAGQGAGVLQALPLLASAGTPEVSILMLDVAGASPTDYVNVVNACLNVQSCVGITSFGVADPDSWRASTTPLLFDGNFNPKPAYNAIVQNLQQ
56;I10M,Q37K,M49L,K50Q,L69V,Q90H,T105I,A125V,E131S,P154K,M172A,Y174S,R190K,Q207M,H209N,V266S,D300N;0.00188887;0.778173537;EAAQSVDQLMKARGKVYFGVATDQNRLTTGKNAAIIKADFGMVWPENSLQWDATEPSQGNFNFAGADYVVNWAQQNGKLIGGGMLVWHSHLPSWVSSITDKNTLINVMKNHITTLMTRYKGKIRVWDVVGSAFNEDGSLRQTVFLNVIGEDYIKIAFQTARAADPNAKLYIADSNLDSASYPKTQAIVNKVKQWRAAGVPIDGIGSMTNLSAGQGAGVLQALPLLASAGTPEVSILMLDVAGASPTDYVNVVNACLNVQSCVGITSFGVADPDSWRASTTPLLFDGNFNPKPAYNAIVQNLQQ
57;I10M,M49L,K50Q,T54V,L69V,Q90H,N102E,A125T,P154K,M172A,Y174S,R190K,T208M,F267M,W275A,R276F,T279S;0.001848834;0.761679521;EAAQSVDQLMKARGKVYFGVATDQNRLTTGKNAAIIQADFGMVWPENSLQWDAVEPSQGNFNFAGADYVVNWAQQNGKLIGGGMLVWHSHLPSWVSSITDKETLTNVMKNHITTLMTRYKGKIRTWDVVGEAFNEDGSLRQTVFLNVIGEDYIKIAFQTARAADPNAKLYIADSNLDSASYPKTQAIVNKVKQWRAAGVPIDGIGSQMHLSAGQGAGVLQALPLLASAGTPEVSILMLDVAGASPTDYVNVVNACLNVQSCVGITVMGVADPDSAFASSTPLLFDGNFNPKPAYNAIVQDLQQ
58;I10M,Q37K,N47E,K50Q,G82A,M84C,S89N,Q90F,T105I,A125T,T142N,T208M,F267M,W275A,R276F,T279S;0.001836089;0.756428937;EAAQSVDQLMKARGKVYFGVATDQNRLTTGKNAAIIKADFGMVWPEESMQWDATEPSQGNFNFAGADYLVNWAQQNGKLIGAGCLVWHNFLPSWVSSITDKNTLINVMKNHITTLMTRYKGKIRTWDVVGEAFNEDGSLRQNVFLNVIGEDYIPIAFQTARAADPNAKLYIMDYNLDSASYPKTQAIVNRVKQWRAAGVPIDGIGSQMHLSAGQGAGVLQALPLLASAGTPEVSILMLDVAGASPTDYVNVVNACLNVQSCVGITVMGVADPDSAFASSTPLLFDGNFNPKPAYNAIVQDLQQ
59;I10M,Q37K,N47E,K50Q,L69V,Q90H,T105I,A125T,T142N,M172A,Y174S,T208M,F267M,D300N;0.001827538;0.752906202;EAAQSVDQLMKARGKVYFGVATDQNRLTTGKNAAIIKADFGMVWPEESMQWDATEPSQGNFNFAGADYVVNWAQQNGKLIGGGMLVWHSHLPSWVSSITDKNTLINVMKNHITTLMTRYKGKIRTWDVVGEAFNEDGSLRQNVFLNVIGEDYIPIAFQTARAADPNAKLYIADSNLDSASYPKTQAIVNRVKQWRAAGVPIDGIGSQMHLSAGQGAGVLQALPLLASAGTPEVSILMLDVAGASPTDYVNVVNACLNVQSCVGITVMGVADPDSWRASTTPLLFDGNFNPKPAYNAIVQNLQQ
60;I10M,M49L,K50Q,T54V,L69V,Q90H,N102E,A125V,E131S,P154K,M172A,Y174S,R190K,Q207M,H209N,F267M,W275A,R276F;0.001827425;0.752859833;EAAQSVDQLMKARGKVYFGVATDQNRLTTGKNAAIIQADFGMVWPENSLQWDAVEPSQGNFNFAGADYVVNWAQQNGKLIGGGMLVWHSHLPSWVSSITDKETLTNVMKNHITTLMTRYKGKIRVWDVVGSAFNEDGSLRQTVFLNVIGEDYIKIAFQTARAADPNAKLYIADSNLDSASYPKTQAIVNKVKQWRAAGVPIDGIGSMTNLSAGQGAGVLQALPLLASAGTPEVSILMLDVAGASPTDYVNVVNACLNVQSCVGITVMGVADPDSAFASTTPLLFDGNFNPKPAYNAIVQDLQQ
61;I10M,M49L,K50Q,T54V,L69V,S89N,Q90F,N102E,T105I,A125T,P154K,M172A,Y174S,R190K,Q207M,H209N,V266S;0.00181798;0.748968331;EAAQSVDQLMKARGKVYFGVATDQNRLTTGKNAAIIQADFGMVWPENSLQWDAVEPSQGNFNFAGADYVVNWAQQNGKLIGGGMLVWHNFLPSWVSSITDKETLINVMKNHITTLMTRYKGKIRTWDVVGEAFNEDGSLRQTVFLNVIGEDYIKIAFQTARAADPNAKLYIADSNLDSASYPKTQAIVNKVKQWRAAGVPIDGIGSMTNLSAGQGAGVLQALPLLASAGTPEVSILMLDVAGASPTDYVNVVNACLNVQSCVGITSFGVADPDSWRASTTPLLFDGNFNPKPAYNAIVQDLQQ
62;V6I,Q37K,N47E,K50Q,T54V,L69V,G82A,M84C,S89N,Q90F,A125T,T142N,T208M,F267M,W275A,R276F,T279S,D300N;0.001802722;0.742682541;EAAQSIDQLIKARGKVYFGVATDQNRLTTGKNAAIIKADFGMVWPEESMQWDAVEPSQGNFNFAGADYVVNWAQQNGKLIGAGCLVWHNFLPSWVSSITDKNTLTNVMKNHITTLMTRYKGKIRTWDVVGEAFNEDGSLRQNVFLNVIGEDYIPIAFQTARAADPNAKLYIMDYNLDSASYPKTQAIVNRVKQWRAAGVPIDGIGSQMHLSAGQGAGVLQALPLLASAGTPEVSILMLDVAGASPTDYVNVVNACLNVQSCVGITVMGVADPDSAFASSTPLLFDGNFNPKPAYNAIVQNLQQ
63;I10M,M49L,K50Q,T54V,L69V,Q90H,N102E,T105I,A125V,E131S,M172A,Y174S,Q207M,H209N,V266S,D300N;0.001786678;0.736072934;EAAQSVDQLMKARGKVYFGVATDQNRLTTGKNAAIIQADFGMVWPENSLQWDAVEPSQGNFNFAGADYVVNWAQQNGKLIGGGMLVWHSHLPSWVSSITDKETLINVMKNHITTLMTRYKGKIRVWDVVGSAFNEDGSLRQTVFLNVIGEDYIPIAFQTARAADPNAKLYIADSNLDSASYPKTQAIVNRVKQWRAAGVPIDGIGSMTNLSAGQGAGVLQALPLLASAGTPEVSILMLDVAGASPTDYVNVVNACLNVQSCVGITSFGVADPDSWRASTTPLLFDGNFNPKPAYNAIVQNLQQ
64;I10M,M49L,K50Q,T54V,Q90H,N102E,A125T,T142N,M172A,Y174S,R190K,Q207M,H209N,V266S;0.001719113;0.708237296;EAAQSVDQLMKARGKVYFGVATDQNRLTTGKNAAIIQADFGMVWPENSLQWDAVEPSQGNFNFAGADYLVNWAQQNGKLIGGGMLVWHSHLPSWVSSITDKETLTNVMKNHITTLMTRYKGKIRTWDVVGEAFNEDGSLRQNVFLNVIGEDYIPIAFQTARAADPNAKLYIADSNLDSASYPKTQAIVNKVKQWRAAGVPIDGIGSMTNLSAGQGAGVLQALPLLASAGTPEVSILMLDVAGASPTDYVNVVNACLNVQSCVGITSFGVADPDSWRASTTPLLFDGNFNPKPAYNAIVQDLQQ
65;V6I,Q37K,N47E,K50Q,L69V,Q90H,N102E,A125V,E131S,T142N,P154K,M172A,Y174S,R190K,Q207M,H209N,V266S;0.001694469;0.698084829;EAAQSIDQLIKARGKVYFGVATDQNRLTTGKNAAIIKADFGMVWPEESMQWDATEPSQGNFNFAGADYVVNWAQQNGKLIGGGMLVWHSHLPSWVSSITDKETLTNVMKNHITTLMTRYKGKIRVWDVVGSAFNEDGSLRQNVFLNVIGEDYIKIAFQTARAADPNAKLYIADSNLDSASYPKTQAIVNKVKQWRAAGVPIDGIGSMTNLSAGQGAGVLQALPLLASAGTPEVSILMLDVAGASPTDYVNVVNACLNVQSCVGITSFGVADPDSWRASTTPLLFDGNFNPKPAYNAIVQDLQQ
66;I10M,M49L,K50Q,T54V,L69V,Q90H,N102E,A125V,E131S,P154K,M172A,Y174S,Q207M,H209N,F267M,W275A,R276F,T279S,D300N;0.00159787;0.65828783;EAAQSVDQLMKARGKVYFGVATDQNRLTTGKNAAIIQADFGMVWPENSLQWDAVEPSQGNFNFAGADYVVNWAQQNGKLIGGGMLVWHSHLPSWVSSITDKETLTNVMKNHITTLMTRYKGKIRVWDVVGSAFNEDGSLRQTVFLNVIGEDYIKIAFQTARAADPNAKLYIADSNLDSASYPKTQAIVNRVKQWRAAGVPIDGIGSMTNLSAGQGAGVLQALPLLASAGTPEVSILMLDVAGASPTDYVNVVNACLNVQSCVGITVMGVADPDSAFASSTPLLFDGNFNPKPAYNAIVQNLQQ
67;I10M,M49L,K50Q,T54V,G82A,M84C,S89N,Q90F,T105I,A125T,E131S,P154K,R190K,Q207M,H209N,V266S;0.001590255;0.65515058;EAAQSVDQLMKARGKVYFGVATDQNRLTTGKNAAIIQADFGMVWPENSLQWDAVEPSQGNFNFAGADYLVNWAQQNGKLIGAGCLVWHNFLPSWVSSITDKNTLINVMKNHITTLMTRYKGKIRTWDVVGSAFNEDGSLRQTVFLNVIGEDYIKIAFQTARAADPNAKLYIMDYNLDSASYPKTQAIVNKVKQWRAAGVPIDGIGSMTNLSAGQGAGVLQALPLLASAGTPEVSILMLDVAGASPTDYVNVVNACLNVQSCVGITSFGVADPDSWRASTTPLLFDGNFNPKPAYNAIVQDLQQ
68;I10M,M49L,K50Q,T54V,L69V,Q90H,T105I,A125T,T142N,P154K,M172A,Y174S,R190K,Q207M,H209N,V266S;0.001588518;0.654434941;EAAQSVDQLMKARGKVYFGVATDQNRLTTGKNAAIIQADFGMVWPENSLQWDAVEPSQGNFNFAGADYVVNWAQQNGKLIGGGMLVWHSHLPSWVSSITDKNTLINVMKNHITTLMTRYKGKIRTWDVVGEAFNEDGSLRQNVFLNVIGEDYIKIAFQTARAADPNAKLYIADSNLDSASYPKTQAIVNKVKQWRAAGVPIDGIGSMTNLSAGQGAGVLQALPLLASAGTPEVSILMLDVAGASPTDYVNVVNACLNVQSCVGITSFGVADPDSWRASTTPLLFDGNFNPKPAYNAIVQDLQQ
69;I10M,M49L,K50Q,T54V,L69V,S89N,Q90F,T105I,A125V,E131S,P154K,M172A,Y174S,R190K,Q207M,H209N,V266S,D300N;0.00155232;0.639522486;EAAQSVDQLMKARGKVYFGVATDQNRLTTGKNAAIIQADFGMVWPENSLQWDAVEPSQGNFNFAGADYVVNWAQQNGKLIGGGMLVWHNFLPSWVSSITDKNTLINVMKNHITTLMTRYKGKIRVWDVVGSAFNEDGSLRQTVFLNVIGEDYIKIAFQTARAADPNAKLYIADSNLDSASYPKTQAIVNKVKQWRAAGVPIDGIGSMTNLSAGQGAGVLQALPLLASAGTPEVSILMLDVAGASPTDYVNVVNACLNVQSCVGITSFGVADPDSWRASTTPLLFDGNFNPKPAYNAIVQNLQQ
70;I10M,M49L,K50Q,T54V,L69V,Q90H,N102E,A125V,E131S,P154K,M172A,Y174S,R190K,Q207M,H209N,F267M,W275A,R276F,T279S;0.001545101;0.636548297;EAAQSVDQLMKARGKVYFGVATDQNRLTTGKNAAIIQADFGMVWPENSLQWDAVEPSQGNFNFAGADYVVNWAQQNGKLIGGGMLVWHSHLPSWVSSITDKETLTNVMKNHITTLMTRYKGKIRVWDVVGSAFNEDGSLRQTVFLNVIGEDYIKIAFQTARAADPNAKLYIADSNLDSASYPKTQAIVNKVKQWRAAGVPIDGIGSMTNLSAGQGAGVLQALPLLASAGTPEVSILMLDVAGASPTDYVNVVNACLNVQSCVGITVMGVADPDSAFASSTPLLFDGNFNPKPAYNAIVQDLQQ
71;I10M,M49L,K50Q,T54V,L69V,M84C,S89N,Q90F,N102E,A125T,T142N,T208M,V266S;0.00149353;0.615302165;EAAQSVDQLMKARGKVYFGVATDQNRLTTGKNAAIIQADFGMVWPENSLQWDAVEPSQGNFNFAGADYVVNWAQQNGKLIGGGCLVWHNFLPSWVSSITDKETLTNVMKNHITTLMTRYKGKIRTWDVVGEAFNEDGSLRQNVFLNVIGEDYIPIAFQTARAADPNAKLYIMDYNLDSASYPKTQAIVNRVKQWRAAGVPIDGIGSQMHLSAGQGAGVLQALPLLASAGTPEVSILMLDVAGASPTDYVNVVNACLNVQSCVGITSFGVADPDSWRASTTPLLFDGNFNPKPAYNAIVQDLQQ
72;V6I,Q37K,N47E,K50Q,L69V,G82A,M84C,Q90H,N102E,A125T,T142N,R190K,Q207M,H209N,V266S;0.001452612;0.598444881;EAAQSIDQLIKARGKVYFGVATDQNRLTTGKNAAIIKADFGMVWPEESMQWDATEPSQGNFNFAGADYVVNWAQQNGKLIGAGCLVWHSHLPSWVSSITDKETLTNVMKNHITTLMTRYKGKIRTWDVVGEAFNEDGSLRQNVFLNVIGEDYIPIAFQTARAADPNAKLYIMDYNLDSASYPKTQAIVNKVKQWRAAGVPIDGIGSMTNLSAGQGAGVLQALPLLASAGTPEVSILMLDVAGASPTDYVNVVNACLNVQSCVGITSFGVADPDSWRASTTPLLFDGNFNPKPAYNAIVQDLQQ
73;I10M,Q37K,M49L,K50Q,T54V,L69V,Q90H,N102E,A125V,E131S,P154K,M172A,Y174S,R190K,Q207M,H209N,F267M,W275A,R276F,T279S;0.001451149;0.597842112;EAAQSVDQLMKARGKVYFGVATDQNRLTTGKNAAIIKADFGMVWPENSLQWDAVEPSQGNFNFAGADYVVNWAQQNGKLIGGGMLVWHSHLPSWVSSITDKETLTNVMKNHITTLMTRYKGKIRVWDVVGSAFNEDGSLRQTVFLNVIGEDYIKIAFQTARAADPNAKLYIADSNLDSASYPKTQAIVNKVKQWRAAGVPIDGIGSMTNLSAGQGAGVLQALPLLASAGTPEVSILMLDVAGASPTDYVNVVNACLNVQSCVGITVMGVADPDSAFASSTPLLFDGNFNPKPAYNAIVQDLQQ
74;I10M,M49L,K50Q,T54V,G82A,M84C,S89N,Q90F,T105I,A125T,T142N,T208M,V266S,W275A,R276F,T279S,D300N;0.001446578;0.595959112;EAAQSVDQLMKARGKVYFGVATDQNRLTTGKNAAIIQADFGMVWPENSLQWDAVEPSQGNFNFAGADYLVNWAQQNGKLIGAGCLVWHNFLPSWVSSITDKNTLINVMKNHITTLMTRYKGKIRTWDVVGEAFNEDGSLRQNVFLNVIGEDYIPIAFQTARAADPNAKLYIMDYNLDSASYPKTQAIVNRVKQWRAAGVPIDGIGSQMHLSAGQGAGVLQALPLLASAGTPEVSILMLDVAGASPTDYVNVVNACLNVQSCVGITSFGVADPDSAFASSTPLLFDGNFNPKPAYNAIVQNLQQ
75;I10M,M49L,K50Q,T54V,L69V,S89N,Q90F,T105I,A125T,T142N,M172A,Y174S,T208M,F267M,W275A,R276F,T279S;0.001432417;0.59012476;EAAQSVDQLMKARGKVYFGVATDQNRLTTGKNAAIIQADFGMVWPENSLQWDAVEPSQGNFNFAGADYVVNWAQQNGKLIGGGMLVWHNFLPSWVSSITDKNTLINVMKNHITTLMTRYKGKIRTWDVVGEAFNEDGSLRQNVFLNVIGEDYIPIAFQTARAADPNAKLYIADSNLDSASYPKTQAIVNRVKQWRAAGVPIDGIGSQMHLSAGQGAGVLQALPLLASAGTPEVSILMLDVAGASPTDYVNVVNACLNVQSCVGITVMGVADPDSAFASSTPLLFDGNFNPKPAYNAIVQDLQQ
76;V6I,M49L,K50Q,T54V,L69V,Q90H,N102E,A125V,E131S,P154K,M172A,Y174S,R190K,Q207M,H209N,F267M,W275A,R276F,T279S,D300N;0.001394888;0.574663748;EAAQSIDQLIKARGKVYFGVATDQNRLTTGKNAAIIQADFGMVWPENSLQWDAVEPSQGNFNFAGADYVVNWAQQNGKLIGGGMLVWHSHLPSWVSSITDKETLTNVMKNHITTLMTRYKGKIRVWDVVGSAFNEDGSLRQTVFLNVIGEDYIKIAFQTARAADPNAKLYIADSNLDSASYPKTQAIVNKVKQWRAAGVPIDGIGSMTNLSAGQGAGVLQALPLLASAGTPEVSILMLDVAGASPTDYVNVVNACLNVQSCVGITVMGVADPDSAFASSTPLLFDGNFNPKPAYNAIVQNLQQ
77;V6I,M49L,K50Q,T54V,L69V,Q90H,N102E,A125V,E131S,P154K,M172A,Y174S,R190K,T208M,V266S;0.001385046;0.570608917;EAAQSIDQLIKARGKVYFGVATDQNRLTTGKNAAIIQADFGMVWPENSLQWDAVEPSQGNFNFAGADYVVNWAQQNGKLIGGGMLVWHSHLPSWVSSITDKETLTNVMKNHITTLMTRYKGKIRVWDVVGSAFNEDGSLRQTVFLNVIGEDYIKIAFQTARAADPNAKLYIADSNLDSASYPKTQAIVNKVKQWRAAGVPIDGIGSQMHLSAGQGAGVLQALPLLASAGTPEVSILMLDVAGASPTDYVNVVNACLNVQSCVGITSFGVADPDSWRASTTPLLFDGNFNPKPAYNAIVQDLQQ
78;V6I,M49L,K50Q,T54V,L69V,Q90H,N102E,A125V,T142N,P154K,M172A,Y174S,R190K,Q207M,H209N,F267M,W275A,R276F,T279S;0.001303891;0.53717509;EAAQSIDQLIKARGKVYFGVATDQNRLTTGKNAAIIQADFGMVWPENSLQWDAVEPSQGNFNFAGADYVVNWAQQNGKLIGGGMLVWHSHLPSWVSSITDKETLTNVMKNHITTLMTRYKGKIRVWDVVGEAFNEDGSLRQNVFLNVIGEDYIKIAFQTARAADPNAKLYIADSNLDSASYPKTQAIVNKVKQWRAAGVPIDGIGSMTNLSAGQGAGVLQALPLLASAGTPEVSILMLDVAGASPTDYVNVVNACLNVQSCVGITVMGVADPDSAFASSTPLLFDGNFNPKPAYNAIVQDLQQ
79;I10M,M49L,K50Q,T54V,L69V,Q90H,N102E,A125V,E131S,P154K,M172A,Y174S,T208M,V266S;0.001267179;0.522050274;EAAQSVDQLMKARGKVYFGVATDQNRLTTGKNAAIIQADFGMVWPENSLQWDAVEPSQGNFNFAGADYVVNWAQQNGKLIGGGMLVWHSHLPSWVSSITDKETLTNVMKNHITTLMTRYKGKIRVWDVVGSAFNEDGSLRQTVFLNVIGEDYIKIAFQTARAADPNAKLYIADSNLDSASYPKTQAIVNRVKQWRAAGVPIDGIGSQMHLSAGQGAGVLQALPLLASAGTPEVSILMLDVAGASPTDYVNVVNACLNVQSCVGITSFGVADPDSWRASTTPLLFDGNFNPKPAYNAIVQDLQQ
80;I10M,N47E,K50Q,L69V,Q90H,N102E,A125T,P154K,M172A,Y174S,R190K,Q207M,H209N,F267M;0.001265443;0.521335192;EAAQSVDQLMKARGKVYFGVATDQNRLTTGKNAAIIQADFGMVWPEESMQWDATEPSQGNFNFAGADYVVNWAQQNGKLIGGGMLVWHSHLPSWVSSITDKETLTNVMKNHITTLMTRYKGKIRTWDVVGEAFNEDGSLRQTVFLNVIGEDYIKIAFQTARAADPNAKLYIADSNLDSASYPKTQAIVNKVKQWRAAGVPIDGIGSMTNLSAGQGAGVLQALPLLASAGTPEVSILMLDVAGASPTDYVNVVNACLNVQSCVGITVMGVADPDSWRASTTPLLFDGNFNPKPAYNAIVQDLQQ
81;I10M,M49L,K50Q,T54V,L69V,Q90H,N102E,A125V,E131S,P154K,M172A,Y174S,R190K,Q207M,H209N,V266S,W275A,R276F;0.001264196;0.520821613;EAAQSVDQLMKARGKVYFGVATDQNRLTTGKNAAIIQADFGMVWPENSLQWDAVEPSQGNFNFAGADYVVNWAQQNGKLIGGGMLVWHSHLPSWVSSITDKETLTNVMKNHITTLMTRYKGKIRVWDVVGSAFNEDGSLRQTVFLNVIGEDYIKIAFQTARAADPNAKLYIADSNLDSASYPKTQAIVNKVKQWRAAGVPIDGIGSMTNLSAGQGAGVLQALPLLASAGTPEVSILMLDVAGASPTDYVNVVNACLNVQSCVGITSFGVADPDSAFASTTPLLFDGNFNPKPAYNAIVQDLQQ
82;I10M,M49L,K50Q,T54V,L69V,Q90H,N102E,A125V,E131S,P154K,M172A,Y174S,R190K,Q207M,H209N,V266S,W275A,R276F,T279S;0.001252306;0.515923068;EAAQSVDQLMKARGKVYFGVATDQNRLTTGKNAAIIQADFGMVWPENSLQWDAVEPSQGNFNFAGADYVVNWAQQNGKLIGGGMLVWHSHLPSWVSSITDKETLTNVMKNHITTLMTRYKGKIRVWDVVGSAFNEDGSLRQTVFLNVIGEDYIKIAFQTARAADPNAKLYIADSNLDSASYPKTQAIVNKVKQWRAAGVPIDGIGSMTNLSAGQGAGVLQALPLLASAGTPEVSILMLDVAGASPTDYVNVVNACLNVQSCVGITSFGVADPDSAFASSTPLLFDGNFNPKPAYNAIVQDLQQ
83;V6I,Q37K,M49L,K50Q,T54V,L69V,Q90H,N102E,A125V,E131S,P154K,M172A,Y174S,R190K,Q207M,H209N;0.001251228;0.515479006;EAAQSIDQLIKARGKVYFGVATDQNRLTTGKNAAIIKADFGMVWPENSLQWDAVEPSQGNFNFAGADYVVNWAQQNGKLIGGGMLVWHSHLPSWVSSITDKETLTNVMKNHITTLMTRYKGKIRVWDVVGSAFNEDGSLRQTVFLNVIGEDYIKIAFQTARAADPNAKLYIADSNLDSASYPKTQAIVNKVKQWRAAGVPIDGIGSMTNLSAGQGAGVLQALPLLASAGTPEVSILMLDVAGASPTDYVNVVNACLNVQSCVGITVFGVADPDSWRASTTPLLFDGNFNPKPAYNAIVQDLQQ
84;I10M,M49L,K50Q,T54V,L69V,Q90H,A125V,T142N,M172A,Y174S,T208M,V266S;0.001245429;0.513090003;EAAQSVDQLMKARGKVYFGVATDQNRLTTGKNAAIIQADFGMVWPENSLQWDAVEPSQGNFNFAGADYVVNWAQQNGKLIGGGMLVWHSHLPSWVSSITDKNTLTNVMKNHITTLMTRYKGKIRVWDVVGEAFNEDGSLRQNVFLNVIGEDYIPIAFQTARAADPNAKLYIADSNLDSASYPKTQAIVNRVKQWRAAGVPIDGIGSQMHLSAGQGAGVLQALPLLASAGTPEVSILMLDVAGASPTDYVNVVNACLNVQSCVGITSFGVADPDSWRASTTPLLFDGNFNPKPAYNAIVQDLQQ
85;I10M,Q37K,N47E,K50Q,Q90H,N102E,A125V,E131S,P154K,M172A,Y174S,R190K,Q207M,H209N,V266S;0.001197601;0.49338597;EAAQSVDQLMKARGKVYFGVATDQNRLTTGKNAAIIKADFGMVWPEESMQWDATEPSQGNFNFAGADYLVNWAQQNGKLIGGGMLVWHSHLPSWVSSITDKETLTNVMKNHITTLMTRYKGKIRVWDVVGSAFNEDGSLRQTVFLNVIGEDYIKIAFQTARAADPNAKLYIADSNLDSASYPKTQAIVNKVKQWRAAGVPIDGIGSMTNLSAGQGAGVLQALPLLASAGTPEVSILMLDVAGASPTDYVNVVNACLNVQSCVGITSFGVADPDSWRASTTPLLFDGNFNPKPAYNAIVQDLQQ
86;V6I,Q37K,N47E,K50Q,L69V,G82A,M84C,S89N,Q90F,T105I,A125T,T142N,Q207M,H209N,F267M,W275A,R276F,T279S,D300N;0.00117749;0.485100414;EAAQSIDQLIKARGKVYFGVATDQNRLTTGKNAAIIKADFGMVWPEESMQWDATEPSQGNFNFAGADYVVNWAQQNGKLIGAGCLVWHNFLPSWVSSITDKNTLINVMKNHITTLMTRYKGKIRTWDVVGEAFNEDGSLRQNVFLNVIGEDYIPIAFQTARAADPNAKLYIMDYNLDSASYPKTQAIVNRVKQWRAAGVPIDGIGSMTNLSAGQGAGVLQALPLLASAGTPEVSILMLDVAGASPTDYVNVVNACLNVQSCVGITVMGVADPDSAFASSTPLLFDGNFNPKPAYNAIVQNLQQ
87;I10M,Q37K,M49L,K50Q,T54V,L69V,Q90H,N102E,A125V,E131S,P154K,M172A,Y174S,R190K,Q207M,H209N,V266S,W275A,R276F,T279S,D300N;0.001168837;0.48153562;EAAQSVDQLMKARGKVYFGVATDQNRLTTGKNAAIIKADFGMVWPENSLQWDAVEPSQGNFNFAGADYVVNWAQQNGKLIGGGMLVWHSHLPSWVSSITDKETLTNVMKNHITTLMTRYKGKIRVWDVVGSAFNEDGSLRQTVFLNVIGEDYIKIAFQTARAADPNAKLYIADSNLDSASYPKTQAIVNKVKQWRAAGVPIDGIGSMTNLSAGQGAGVLQALPLLASAGTPEVSILMLDVAGASPTDYVNVVNACLNVQSCVGITSFGVADPDSAFASSTPLLFDGNFNPKPAYNAIVQNLQQ
88;I10M,Q37K,N47E,K50Q,L69V,Q90H,N102E,A125V,E131S,M172A,Y174S,R190K,Q207M,H209N,F267M;0.001123797;0.462980309;EAAQSVDQLMKARGKVYFGVATDQNRLTTGKNAAIIKADFGMVWPEESMQWDATEPSQGNFNFAGADYVVNWAQQNGKLIGGGMLVWHSHLPSWVSSITDKETLTNVMKNHITTLMTRYKGKIRVWDVVGSAFNEDGSLRQTVFLNVIGEDYIPIAFQTARAADPNAKLYIADSNLDSASYPKTQAIVNKVKQWRAAGVPIDGIGSMTNLSAGQGAGVLQALPLLASAGTPEVSILMLDVAGASPTDYVNVVNACLNVQSCVGITVMGVADPDSWRASTTPLLFDGNFNPKPAYNAIVQDLQQ
89;I10M,M49L,K50Q,T54V,L69V,Q90H,N102E,A125V,E131S,P154K,M172A,Y174S,R190K,T208M,F267M,W275A,R276F,T279S;0.001115881;0.4597187;EAAQSVDQLMKARGKVYFGVATDQNRLTTGKNAAIIQADFGMVWPENSLQWDAVEPSQGNFNFAGADYVVNWAQQNGKLIGGGMLVWHSHLPSWVSSITDKETLTNVMKNHITTLMTRYKGKIRVWDVVGSAFNEDGSLRQTVFLNVIGEDYIKIAFQTARAADPNAKLYIADSNLDSASYPKTQAIVNKVKQWRAAGVPIDGIGSQMHLSAGQGAGVLQALPLLASAGTPEVSILMLDVAGASPTDYVNVVNACLNVQSCVGITVMGVADPDSAFASSTPLLFDGNFNPKPAYNAIVQDLQQ
90;I10M,N47E,K50Q,Q90H,N102E,A125V,E131S,P154K,M172A,Y174S,R190K,Q207M,H209N,V266S;0.001112127;0.4581722;EAAQSVDQLMKARGKVYFGVATDQNRLTTGKNAAIIQADFGMVWPEESMQWDATEPSQGNFNFAGADYLVNWAQQNGKLIGGGMLVWHSHLPSWVSSITDKETLTNVMKNHITTLMTRYKGKIRVWDVVGSAFNEDGSLRQTVFLNVIGEDYIKIAFQTARAADPNAKLYIADSNLDSASYPKTQAIVNKVKQWRAAGVPIDGIGSMTNLSAGQGAGVLQALPLLASAGTPEVSILMLDVAGASPTDYVNVVNACLNVQSCVGITSFGVADPDSWRASTTPLLFDGNFNPKPAYNAIVQDLQQ
91;I10M,M49L,K50Q,T54V,L69V,Q90H,A125V,E131S,P154K,M172A,Y174S,R190K,Q207M,H209N,F267M,W275A,R276F,T279S;0.001108081;0.456505455;EAAQSVDQLMKARGKVYFGVATDQNRLTTGKNAAIIQADFGMVWPENSLQWDAVEPSQGNFNFAGADYVVNWAQQNGKLIGGGMLVWHSHLPSWVSSITDKNTLTNVMKNHITTLMTRYKGKIRVWDVVGSAFNEDGSLRQTVFLNVIGEDYIKIAFQTARAADPNAKLYIADSNLDSASYPKTQAIVNKVKQWRAAGVPIDGIGSMTNLSAGQGAGVLQALPLLASAGTPEVSILMLDVAGASPTDYVNVVNACLNVQSCVGITVMGVADPDSAFASSTPLLFDGNFNPKPAYNAIVQDLQQ
92;I10M,M49L,K50Q,T54V,Q90H,N102E,A125V,E131S,P154K,M172A,Y174S,R190K,Q207M,H209N,V266S;0.001103585;0.454653291;EAAQSVDQLMKARGKVYFGVATDQNRLTTGKNAAIIQADFGMVWPENSLQWDAVEPSQGNFNFAGADYLVNWAQQNGKLIGGGMLVWHSHLPSWVSSITDKETLTNVMKNHITTLMTRYKGKIRVWDVVGSAFNEDGSLRQTVFLNVIGEDYIKIAFQTARAADPNAKLYIADSNLDSASYPKTQAIVNKVKQWRAAGVPIDGIGSMTNLSAGQGAGVLQALPLLASAGTPEVSILMLDVAGASPTDYVNVVNACLNVQSCVGITSFGVADPDSWRASTTPLLFDGNFNPKPAYNAIVQDLQQ
93;V6I,Q37K,N47E,K50Q,L69V,Q90H,N102E,A125V,E131S,P154K,M172A,Y174S,R190K,Q207M,H209N,V266S,W275A,R276F,T279S;0.001097637;0.452202687;EAAQSIDQLIKARGKVYFGVATDQNRLTTGKNAAIIKADFGMVWPEESMQWDATEPSQGNFNFAGADYVVNWAQQNGKLIGGGMLVWHSHLPSWVSSITDKETLTNVMKNHITTLMTRYKGKIRVWDVVGSAFNEDGSLRQTVFLNVIGEDYIKIAFQTARAADPNAKLYIADSNLDSASYPKTQAIVNKVKQWRAAGVPIDGIGSMTNLSAGQGAGVLQALPLLASAGTPEVSILMLDVAGASPTDYVNVVNACLNVQSCVGITSFGVADPDSAFASSTPLLFDGNFNPKPAYNAIVQDLQQ
94;I10M,Q37K,N47E,K50Q,L69V,Q90H,N102E,A125V,E131S,T142N,P154K,M172A,Y174S,R190K,Q207M,H209N,F267M,W275A,R276F,T279S;0.001093998;0.450703631;EAAQSVDQLMKARGKVYFGVATDQNRLTTGKNAAIIKADFGMVWPEESMQWDATEPSQGNFNFAGADYVVNWAQQNGKLIGGGMLVWHSHLPSWVSSITDKETLTNVMKNHITTLMTRYKGKIRVWDVVGSAFNEDGSLRQNVFLNVIGEDYIKIAFQTARAADPNAKLYIADSNLDSASYPKTQAIVNKVKQWRAAGVPIDGIGSMTNLSAGQGAGVLQALPLLASAGTPEVSILMLDVAGASPTDYVNVVNACLNVQSCVGITVMGVADPDSAFASSTPLLFDGNFNPKPAYNAIVQDLQQ
95;M49L,K50Q,L69V,Q90H,N102E,A125V,E131S,P154K,M172A,Y174S,Q207M,H209N,F267M,W275A,R276F,D300N;0.001090912;0.449432088;EAAQSVDQLIKARGKVYFGVATDQNRLTTGKNAAIIQADFGMVWPENSLQWDATEPSQGNFNFAGADYVVNWAQQNGKLIGGGMLVWHSHLPSWVSSITDKETLTNVMKNHITTLMTRYKGKIRVWDVVGSAFNEDGSLRQTVFLNVIGEDYIKIAFQTARAADPNAKLYIADSNLDSASYPKTQAIVNRVKQWRAAGVPIDGIGSMTNLSAGQGAGVLQALPLLASAGTPEVSILMLDVAGASPTDYVNVVNACLNVQSCVGITVMGVADPDSAFASTTPLLFDGNFNPKPAYNAIVQNLQQ
96;I10M,N47E,K50Q,T54V,L69V,Q90H,N102E,A125V,E131S,P154K,M172A,Y174S,R190K,Q207M,H209N,F267M,W275A,R276F;0.001078257;0.444218426;EAAQSVDQLMKARGKVYFGVATDQNRLTTGKNAAIIQADFGMVWPEESMQWDAVEPSQGNFNFAGADYVVNWAQQNGKLIGGGMLVWHSHLPSWVSSITDKETLTNVMKNHITTLMTRYKGKIRVWDVVGSAFNEDGSLRQTVFLNVIGEDYIKIAFQTARAADPNAKLYIADSNLDSASYPKTQAIVNKVKQWRAAGVPIDGIGSMTNLSAGQGAGVLQALPLLASAGTPEVSILMLDVAGASPTDYVNVVNACLNVQSCVGITVMGVADPDSAFASTTPLLFDGNFNPKPAYNAIVQDLQQ
97;N47E,K50Q,L69V,G82A,M84C,S89N,Q90F,T105I,A125T,T142N,R190K,Q207M,H209N,F267M,W275A,R276F,T279S,D300N;0.001069124;0.440455953;EAAQSVDQLIKARGKVYFGVATDQNRLTTGKNAAIIQADFGMVWPEESMQWDATEPSQGNFNFAGADYVVNWAQQNGKLIGAGCLVWHNFLPSWVSSITDKNTLINVMKNHITTLMTRYKGKIRTWDVVGEAFNEDGSLRQNVFLNVIGEDYIPIAFQTARAADPNAKLYIMDYNLDSASYPKTQAIVNKVKQWRAAGVPIDGIGSMTNLSAGQGAGVLQALPLLASAGTPEVSILMLDVAGASPTDYVNVVNACLNVQSCVGITVMGVADPDSAFASSTPLLFDGNFNPKPAYNAIVQNLQQ
98;I10M,Q37K,N47E,K50Q,L69V,Q90H,T105I,A125V,E131S,T142N,P154K,M172A,Y174S,R190K,Q207M,H209N,F267M,W275A,R276F,T279S;0.001045727;0.430816961;EAAQSVDQLMKARGKVYFGVATDQNRLTTGKNAAIIKADFGMVWPEESMQWDATEPSQGNFNFAGADYVVNWAQQNGKLIGGGMLVWHSHLPSWVSSITDKNTLINVMKNHITTLMTRYKGKIRVWDVVGSAFNEDGSLRQNVFLNVIGEDYIKIAFQTARAADPNAKLYIADSNLDSASYPKTQAIVNKVKQWRAAGVPIDGIGSMTNLSAGQGAGVLQALPLLASAGTPEVSILMLDVAGASPTDYVNVVNACLNVQSCVGITVMGVADPDSAFASSTPLLFDGNFNPKPAYNAIVQDLQQ
99;I10M,N47E,K50Q,Q90H,N102E,A125V,E131S,P154K,M172A,Y174S,R190K,G198Z,Q207M,H209N,V266S;0.001040218;0.428547449;EAAQSVDQLMKARGKVYFGVATDQNRLTTGKNAAIIQADFGMVWPEESMQWDATEPSQGNFNFAGADYLVNWAQQNGKLIGGGMLVWHSHLPSWVSSITDKETLTNVMKNHITTLMTRYKGKIRVWDVVGSAFNEDGSLRQTVFLNVIGEDYIKIAFQTARAADPNAKLYIADSNLDSASYPKTQAIVNKVKQWRAAZVPIDGIGSMTNLSAGQGAGVLQALPLLASAGTPEVSILMLDVAGASPTDYVNVVNACLNVQSCVGITSFGVADPDSWRASTTPLLFDGNFNPKPAYNAIVQDLQQ
100;I10M,Q37K,N47E,K50Q,G82A,M84C,S89N,Q90F,T105I,A125T,T142N,P154K,Q207M,H209N,V266S,D300N;0.000959653;0.395356356;EAAQSVDQLMKARGKVYFGVATDQNRLTTGKNAAIIKADFGMVWPEESMQWDATEPSQGNFNFAGADYLVNWAQQNGKLIGAGCLVWHNFLPSWVSSITDKNTLINVMKNHITTLMTRYKGKIRTWDVVGEAFNEDGSLRQNVFLNVIGEDYIKIAFQTARAADPNAKLYIMDYNLDSASYPKTQAIVNRVKQWRAAGVPIDGIGSMTNLSAGQGAGVLQALPLLASAGTPEVSILMLDVAGASPTDYVNVVNACLNVQSCVGITSFGVADPDSWRASTTPLLFDGNFNPKPAYNAIVQNLQQ
101;I10M,N47E,K50Q,L69V,Q90H,N102E,A125T,T142N,P154K,R190K,Q207M,H209N,V266S,D300N;0.000951782;0.392113478;EAAQSVDQLMKARGKVYFGVATDQNRLTTGKNAAIIQADFGMVWPEESMQWDATEPSQGNFNFAGADYVVNWAQQNGKLIGGGMLVWHSHLPSWVSSITDKETLTNVMKNHITTLMTRYKGKIRTWDVVGEAFNEDGSLRQNVFLNVIGEDYIKIAFQTARAADPNAKLYIMDYNLDSASYPKTQAIVNKVKQWRAAGVPIDGIGSMTNLSAGQGAGVLQALPLLASAGTPEVSILMLDVAGASPTDYVNVVNACLNVQSCVGITSFGVADPDSWRASTTPLLFDGNFNPKPAYNAIVQNLQQ
102;V6I,Q37K,M49L,K50Q,T54V,G82A,M84C,S89N,Q90F,N102E,T105I,A125V,E131S,P154K,T208M,V266S,D300N;0.00093286;0.384318113;EAAQSIDQLIKARGKVYFGVATDQNRLTTGKNAAIIKADFGMVWPENSLQWDAVEPSQGNFNFAGADYLVNWAQQNGKLIGAGCLVWHNFLPSWVSSITDKETLINVMKNHITTLMTRYKGKIRVWDVVGSAFNEDGSLRQTVFLNVIGEDYIKIAFQTARAADPNAKLYIMDYNLDSASYPKTQAIVNRVKQWRAAGVPIDGIGSQMHLSAGQGAGVLQALPLLASAGTPEVSILMLDVAGASPTDYVNVVNACLNVQSCVGITSFGVADPDSWRASTTPLLFDGNFNPKPAYNAIVQNLQQ
103;V6I,M49L,K50Q,T54V,G82A,M84C,S89N,Q90F,T105I,A125V,E131S,P154K,R190K,Q207M,H209N,F267M,D300N;0.000921966;0.379830159;EAAQSIDQLIKARGKVYFGVATDQNRLTTGKNAAIIQADFGMVWPENSLQWDAVEPSQGNFNFAGADYLVNWAQQNGKLIGAGCLVWHNFLPSWVSSITDKNTLINVMKNHITTLMTRYKGKIRVWDVVGSAFNEDGSLRQTVFLNVIGEDYIKIAFQTARAADPNAKLYIMDYNLDSASYPKTQAIVNKVKQWRAAGVPIDGIGSMTNLSAGQGAGVLQALPLLASAGTPEVSILMLDVAGASPTDYVNVVNACLNVQSCVGITVMGVADPDSWRASTTPLLFDGNFNPKPAYNAIVQNLQQ
104;I10M,N47E,K50Q,Q90H,N102E,A125V,E131S,P154K,M172A,Y174S,R190K,Q207M,H209N;0.000912473;0.375918988;EAAQSVDQLMKARGKVYFGVATDQNRLTTGKNAAIIQADFGMVWPEESMQWDATEPSQGNFNFAGADYLVNWAQQNGKLIGGGMLVWHSHLPSWVSSITDKETLTNVMKNHITTLMTRYKGKIRVWDVVGSAFNEDGSLRQTVFLNVIGEDYIKIAFQTARAADPNAKLYIADSNLDSASYPKTQAIVNKVKQWRAAGVPIDGIGSMTNLSAGQGAGVLQALPLLASAGTPEVSILMLDVAGASPTDYVNVVNACLNVQSCVGITVFGVADPDSWRASTTPLLFDGNFNPKPAYNAIVQDLQQ
105;I10M,Q37K,N47E,K50Q,G82A,M84C,S89N,Q90F,T105I,A125T,T142N,Q207M,H209N,V266S;0.000877137;0.361361604;EAAQSVDQLMKARGKVYFGVATDQNRLTTGKNAAIIKADFGMVWPEESMQWDATEPSQGNFNFAGADYLVNWAQQNGKLIGAGCLVWHNFLPSWVSSITDKNTLINVMKNHITTLMTRYKGKIRTWDVVGEAFNEDGSLRQNVFLNVIGEDYIPIAFQTARAADPNAKLYIMDYNLDSASYPKTQAIVNRVKQWRAAGVPIDGIGSMTNLSAGQGAGVLQALPLLASAGTPEVSILMLDVAGASPTDYVNVVNACLNVQSCVGITSFGVADPDSWRASTTPLLFDGNFNPKPAYNAIVQDLQQ
106;I10M,Q37K,M49L,K50Q,T54V,L69V,Q90H,N102E,A125V,E131S,P154K,M172A,Y174S,T208M,V266S;0.000869396;0.358172506;EAAQSVDQLMKARGKVYFGVATDQNRLTTGKNAAIIKADFGMVWPENSLQWDAVEPSQGNFNFAGADYVVNWAQQNGKLIGGGMLVWHSHLPSWVSSITDKETLTNVMKNHITTLMTRYKGKIRVWDVVGSAFNEDGSLRQTVFLNVIGEDYIKIAFQTARAADPNAKLYIADSNLDSASYPKTQAIVNRVKQWRAAGVPIDGIGSQMHLSAGQGAGVLQALPLLASAGTPEVSILMLDVAGASPTDYVNVVNACLNVQSCVGITSFGVADPDSWRASTTPLLFDGNFNPKPAYNAIVQDLQQ
107;V6I,Q37K,N47E,K50Q,G82A,M84C,S89N,Q90F,T105I,A125V,E131S,R190K,Q207M,H209N,V266S;0.0008098;0.33361994;EAAQSIDQLIKARGKVYFGVATDQNRLTTGKNAAIIKADFGMVWPEESMQWDATEPSQGNFNFAGADYLVNWAQQNGKLIGAGCLVWHNFLPSWVSSITDKNTLINVMKNHITTLMTRYKGKIRVWDVVGSAFNEDGSLRQTVFLNVIGEDYIPIAFQTARAADPNAKLYIMDYNLDSASYPKTQAIVNKVKQWRAAGVPIDGIGSMTNLSAGQGAGVLQALPLLASAGTPEVSILMLDVAGASPTDYVNVVNACLNVQSCVGITSFGVADPDSWRASTTPLLFDGNFNPKPAYNAIVQDLQQ
108;I10M,M49L,K50Q,T54V,L69V,Q90H,A125V,E131S,P154K,M172A,Y174S,Q207M,H209N,F267M,W275A,R276F,T279S,D300N;0.000781341;0.321895446;EAAQSVDQLMKARGKVYFGVATDQNRLTTGKNAAIIQADFGMVWPENSLQWDAVEPSQGNFNFAGADYVVNWAQQNGKLIGGGMLVWHSHLPSWVSSITDKNTLTNVMKNHITTLMTRYKGKIRVWDVVGSAFNEDGSLRQTVFLNVIGEDYIKIAFQTARAADPNAKLYIADSNLDSASYPKTQAIVNRVKQWRAAGVPIDGIGSMTNLSAGQGAGVLQALPLLASAGTPEVSILMLDVAGASPTDYVNVVNACLNVQSCVGITVMGVADPDSAFASSTPLLFDGNFNPKPAYNAIVQNLQQ
109;I10M,M49L,K50Q,T54V,L69V,Q90H,N102E,A125V,E131S,P154K,M172A,Y174S,R190K,T208M,P223Q,V266S,D300N;0.000779128;0.320983954;EAAQSVDQLMKARGKVYFGVATDQNRLTTGKNAAIIQADFGMVWPENSLQWDAVEPSQGNFNFAGADYVVNWAQQNGKLIGGGMLVWHSHLPSWVSSITDKETLTNVMKNHITTLMTRYKGKIRVWDVVGSAFNEDGSLRQTVFLNVIGEDYIKIAFQTARAADPNAKLYIADSNLDSASYPKTQAIVNKVKQWRAAGVPIDGIGSQMHLSAGQGAGVLQALQLLASAGTPEVSILMLDVAGASPTDYVNVVNACLNVQSCVGITSFGVADPDSWRASTTPLLFDGNFNPKPAYNAIVQNLQQ
110;I10M,Q37K,M49L,K50Q,T54V,L69V,G82A,M84C,S89N,Q90F,T105I,A125T,T142N,T208M,V266S;0.00075932;0.312823618;EAAQSVDQLMKARGKVYFGVATDQNRLTTGKNAAIIKADFGMVWPENSLQWDAVEPSQGNFNFAGADYVVNWAQQNGKLIGAGCLVWHNFLPSWVSSITDKNTLINVMKNHITTLMTRYKGKIRTWDVVGEAFNEDGSLRQNVFLNVIGEDYIPIAFQTARAADPNAKLYIMDYNLDSASYPKTQAIVNRVKQWRAAGVPIDGIGSQMHLSAGQGAGVLQALPLLASAGTPEVSILMLDVAGASPTDYVNVVNACLNVQSCVGITSFGVADPDSWRASTTPLLFDGNFNPKPAYNAIVQDLQQ
111;I10M,N47E,K50Q,T54V,L69V,Q90H,N102E,A125V,E131S,P154K,M172A,Y174S,R190K,T208M,V266S;0.000756542;0.311678947;EAAQSVDQLMKARGKVYFGVATDQNRLTTGKNAAIIQADFGMVWPEESMQWDAVEPSQGNFNFAGADYVVNWAQQNGKLIGGGMLVWHSHLPSWVSSITDKETLTNVMKNHITTLMTRYKGKIRVWDVVGSAFNEDGSLRQTVFLNVIGEDYIKIAFQTARAADPNAKLYIADSNLDSASYPKTQAIVNKVKQWRAAGVPIDGIGSQMHLSAGQGAGVLQALPLLASAGTPEVSILMLDVAGASPTDYVNVVNACLNVQSCVGITSFGVADPDSWRASTTPLLFDGNFNPKPAYNAIVQDLQQ
112;V6I,N47E,K50Q,G82A,M84C,S89N,Q90F,T105I,A125V,E131S,T142N,T208M,F267M,W275A,R276F,T279S,D300N;0.000736135;0.3032718;EAAQSIDQLIKARGKVYFGVATDQNRLTTGKNAAIIQADFGMVWPEESMQWDATEPSQGNFNFAGADYLVNWAQQNGKLIGAGCLVWHNFLPSWVSSITDKNTLINVMKNHITTLMTRYKGKIRVWDVVGSAFNEDGSLRQNVFLNVIGEDYIPIAFQTARAADPNAKLYIMDYNLDSASYPKTQAIVNRVKQWRAAGVPIDGIGSQMHLSAGQGAGVLQALPLLASAGTPEVSILMLDVAGASPTDYVNVVNACLNVQSCVGITVMGVADPDSAFASSTPLLFDGNFNPKPAYNAIVQNLQQ
113;I10M,Q37K,N47E,K50Q,G82A,M84C,S89N,Q90F,N102E,A125T,E131S,P154K,R190K,T208M,V266S;0.000708394;0.291842889;EAAQSVDQLMKARGKVYFGVATDQNRLTTGKNAAIIKADFGMVWPEESMQWDATEPSQGNFNFAGADYLVNWAQQNGKLIGAGCLVWHNFLPSWVSSITDKETLTNVMKNHITTLMTRYKGKIRTWDVVGSAFNEDGSLRQTVFLNVIGEDYIKIAFQTARAADPNAKLYIMDYNLDSASYPKTQAIVNKVKQWRAAGVPIDGIGSQMHLSAGQGAGVLQALPLLASAGTPEVSILMLDVAGASPTDYVNVVNACLNVQSCVGITSFGVADPDSWRASTTPLLFDGNFNPKPAYNAIVQDLQQ
114;V6I,M49L,K50Q,T54V,L69V,G82A,M84C,S89N,Q90F,T105I,A125T,T142N,P154K,M172A,Y174S,R190K,Q207M,H209N,V266S,D300N;0.000685483;0.282404008;EAAQSIDQLIKARGKVYFGVATDQNRLTTGKNAAIIQADFGMVWPENSLQWDAVEPSQGNFNFAGADYVVNWAQQNGKLIGAGCLVWHNFLPSWVSSITDKNTLINVMKNHITTLMTRYKGKIRTWDVVGEAFNEDGSLRQNVFLNVIGEDYIKIAFQTARAADPNAKLYIADSNLDSASYPKTQAIVNKVKQWRAAGVPIDGIGSMTNLSAGQGAGVLQALPLLASAGTPEVSILMLDVAGASPTDYVNVVNACLNVQSCVGITSFGVADPDSWRASTTPLLFDGNFNPKPAYNAIVQNLQQ
115;V6I,Q37K,N47E,K50Q,L69V,S89N,Q90F,N102E,A125V,E131S,P154K,M172A,Y174S,R190K,T208M,V266S,D300N;0.000672164;0.276916911;EAAQSIDQLIKARGKVYFGVATDQNRLTTGKNAAIIKADFGMVWPEESMQWDATEPSQGNFNFAGADYVVNWAQQNGKLIGGGMLVWHNFLPSWVSSITDKETLTNVMKNHITTLMTRYKGKIRVWDVVGSAFNEDGSLRQTVFLNVIGEDYIKIAFQTARAADPNAKLYIADSNLDSASYPKTQAIVNKVKQWRAAGVPIDGIGSQMHLSAGQGAGVLQALPLLASAGTPEVSILMLDVAGASPTDYVNVVNACLNVQSCVGITSFGVADPDSWRASTTPLLFDGNFNPKPAYNAIVQNLQQ
116;V6I,Q37K,N47E,K50Q,G82A,M84C,S89N,Q90F,T105I,A125T,T142N,P154K,Q207M,H209N,F267M,W275A,R276F,T279S,D300N;0.000664354;0.273699543;EAAQSIDQLIKARGKVYFGVATDQNRLTTGKNAAIIKADFGMVWPEESMQWDATEPSQGNFNFAGADYLVNWAQQNGKLIGAGCLVWHNFLPSWVSSITDKNTLINVMKNHITTLMTRYKGKIRTWDVVGEAFNEDGSLRQNVFLNVIGEDYIKIAFQTARAADPNAKLYIMDYNLDSASYPKTQAIVNRVKQWRAAGVPIDGIGSMTNLSAGQGAGVLQALPLLASAGTPEVSILMLDVAGASPTDYVNVVNACLNVQSCVGITVMGVADPDSAFASSTPLLFDGNFNPKPAYNAIVQNLQQ
117;I10M,Q37K,N47E,K50Q,L69V,Q90H,N102E,A125V,E131S,P154K,M172A,Y174S,T208M,V266S;0.000628581;0.25896179;EAAQSVDQLMKARGKVYFGVATDQNRLTTGKNAAIIKADFGMVWPEESMQWDATEPSQGNFNFAGADYVVNWAQQNGKLIGGGMLVWHSHLPSWVSSITDKETLTNVMKNHITTLMTRYKGKIRVWDVVGSAFNEDGSLRQTVFLNVIGEDYIKIAFQTARAADPNAKLYIADSNLDSASYPKTQAIVNRVKQWRAAGVPIDGIGSQMHLSAGQGAGVLQALPLLASAGTPEVSILMLDVAGASPTDYVNVVNACLNVQSCVGITSFGVADPDSWRASTTPLLFDGNFNPKPAYNAIVQDLQQ
118;I10M,Q37K,M49L,K50Q,T54V,L69V,G82A,M84C,S89N,Q90F,T105I,A125V,E131S,T142N,P154K,Q207M,H209N,V266S;0.000624527;0.257291608;EAAQSVDQLMKARGKVYFGVATDQNRLTTGKNAAIIKADFGMVWPENSLQWDAVEPSQGNFNFAGADYVVNWAQQNGKLIGAGCLVWHNFLPSWVSSITDKNTLINVMKNHITTLMTRYKGKIRVWDVVGSAFNEDGSLRQNVFLNVIGEDYIKIAFQTARAADPNAKLYIMDYNLDSASYPKTQAIVNRVKQWRAAGVPIDGIGSMTNLSAGQGAGVLQALPLLASAGTPEVSILMLDVAGASPTDYVNVVNACLNVQSCVGITSFGVADPDSWRASTTPLLFDGNFNPKPAYNAIVQDLQQ
119;I10M,M49L,K50Q,T54V,G82A,M84C,S89N,Q90F,T105I,A125T,T142N,M172A,Y174S,R190K,Q207M,H209N,V266S,D300N;0.000598009;0.246366754;EAAQSVDQLMKARGKVYFGVATDQNRLTTGKNAAIIQADFGMVWPENSLQWDAVEPSQGNFNFAGADYLVNWAQQNGKLIGAGCLVWHNFLPSWVSSITDKNTLINVMKNHITTLMTRYKGKIRTWDVVGEAFNEDGSLRQNVFLNVIGEDYIPIAFQTARAADPNAKLYIADSNLDSASYPKTQAIVNKVKQWRAAGVPIDGIGSMTNLSAGQGAGVLQALPLLASAGTPEVSILMLDVAGASPTDYVNVVNACLNVQSCVGITSFGVADPDSWRASTTPLLFDGNFNPKPAYNAIVQNLQQ
120;I10M,M49L,K50Q,T54V,L69V,S89N,Q90F,T105I,A125T,T142N,T208M,V266S,D300N;0.000594429;0.244891989;EAAQSVDQLMKARGKVYFGVATDQNRLTTGKNAAIIQADFGMVWPENSLQWDAVEPSQGNFNFAGADYVVNWAQQNGKLIGGGMLVWHNFLPSWVSSITDKNTLINVMKNHITTLMTRYKGKIRTWDVVGEAFNEDGSLRQNVFLNVIGEDYIPIAFQTARAADPNAKLYIMDYNLDSASYPKTQAIVNRVKQWRAAGVPIDGIGSQMHLSAGQGAGVLQALPLLASAGTPEVSILMLDVAGASPTDYVNVVNACLNVQSCVGITSFGVADPDSWRASTTPLLFDGNFNPKPAYNAIVQNLQQ
121;V6I,Q37K,N47E,K50Q,T54V,L69V,Q90H,N102E,A125V,E131S,P154K,M172A,Y174S,T208M,F267M,W275A,R276F,T279S,D300N;0.000582202;0.239854637;EAAQSIDQLIKARGKVYFGVATDQNRLTTGKNAAIIKADFGMVWPEESMQWDAVEPSQGNFNFAGADYVVNWAQQNGKLIGGGMLVWHSHLPSWVSSITDKETLTNVMKNHITTLMTRYKGKIRVWDVVGSAFNEDGSLRQTVFLNVIGEDYIKIAFQTARAADPNAKLYIADSNLDSASYPKTQAIVNRVKQWRAAGVPIDGIGSQMHLSAGQGAGVLQALPLLASAGTPEVSILMLDVAGASPTDYVNVVNACLNVQSCVGITVMGVADPDSAFASSTPLLFDGNFNPKPAYNAIVQNLQQ
122;I10M,M49L,K50Q,T54V,L69V,G82A,M84C,S89N,Q90F,A125T,T142N,M172A,Y174S,Q207M,H209N,V266S,D300N;0.00057654;0.237522197;EAAQSVDQLMKARGKVYFGVATDQNRLTTGKNAAIIQADFGMVWPENSLQWDAVEPSQGNFNFAGADYVVNWAQQNGKLIGAGCLVWHNFLPSWVSSITDKNTLTNVMKNHITTLMTRYKGKIRTWDVVGEAFNEDGSLRQNVFLNVIGEDYIPIAFQTARAADPNAKLYIADSNLDSASYPKTQAIVNRVKQWRAAGVPIDGIGSMTNLSAGQGAGVLQALPLLASAGTPEVSILMLDVAGASPTDYVNVVNACLNVQSCVGITSFGVADPDSWRASTTPLLFDGNFNPKPAYNAIVQNLQQ
123;I10M,M49L,K50Q,T54V,L69V,G82A,M84C,S89N,Q90F,N102E,A125T,T142N,M172A,Y174S,R190K,Q207M,H209N,V266S,D300N;0.000574928;0.236857772;EAAQSVDQLMKARGKVYFGVATDQNRLTTGKNAAIIQADFGMVWPENSLQWDAVEPSQGNFNFAGADYVVNWAQQNGKLIGAGCLVWHNFLPSWVSSITDKETLTNVMKNHITTLMTRYKGKIRTWDVVGEAFNEDGSLRQNVFLNVIGEDYIPIAFQTARAADPNAKLYIADSNLDSASYPKTQAIVNKVKQWRAAGVPIDGIGSMTNLSAGQGAGVLQALPLLASAGTPEVSILMLDVAGASPTDYVNVVNACLNVQSCVGITSFGVADPDSWRASTTPLLFDGNFNPKPAYNAIVQNLQQ
124;I10M,N47E,K50Q,G82A,M84C,S89N,Q90F,T105I,A125V,E131S,T142N,P154K,T208M,V266S;0.000558458;0.23007277;EAAQSVDQLMKARGKVYFGVATDQNRLTTGKNAAIIQADFGMVWPEESMQWDATEPSQGNFNFAGADYLVNWAQQNGKLIGAGCLVWHNFLPSWVSSITDKNTLINVMKNHITTLMTRYKGKIRVWDVVGSAFNEDGSLRQNVFLNVIGEDYIKIAFQTARAADPNAKLYIMDYNLDSASYPKTQAIVNRVKQWRAAGVPIDGIGSQMHLSAGQGAGVLQALPLLASAGTPEVSILMLDVAGASPTDYVNVVNACLNVQSCVGITSFGVADPDSWRASTTPLLFDGNFNPKPAYNAIVQDLQQ
125;I10M,Q37K,N47E,K50Q,G82A,M84C,S89N,Q90F,T105I,A125T,P154K,M172A,Y174S,R190K,Q207M,H209N,V266S;0.000542741;0.223597708;EAAQSVDQLMKARGKVYFGVATDQNRLTTGKNAAIIKADFGMVWPEESMQWDATEPSQGNFNFAGADYLVNWAQQNGKLIGAGCLVWHNFLPSWVSSITDKNTLINVMKNHITTLMTRYKGKIRTWDVVGEAFNEDGSLRQTVFLNVIGEDYIKIAFQTARAADPNAKLYIADSNLDSASYPKTQAIVNKVKQWRAAGVPIDGIGSMTNLSAGQGAGVLQALPLLASAGTPEVSILMLDVAGASPTDYVNVVNACLNVQSCVGITSFGVADPDSWRASTTPLLFDGNFNPKPAYNAIVQDLQQ
126;V6I,Q37K,N47E,K50Q,G82A,M84C,S89N,Q90F,T105I,A125V,E131S,P154K,M172A,Y174S,R190K,Q207M,H209N,V266S;0.000532372;0.219325877;EAAQSIDQLIKARGKVYFGVATDQNRLTTGKNAAIIKADFGMVWPEESMQWDATEPSQGNFNFAGADYLVNWAQQNGKLIGAGCLVWHNFLPSWVSSITDKNTLINVMKNHITTLMTRYKGKIRVWDVVGSAFNEDGSLRQTVFLNVIGEDYIKIAFQTARAADPNAKLYIADSNLDSASYPKTQAIVNKVKQWRAAGVPIDGIGSMTNLSAGQGAGVLQALPLLASAGTPEVSILMLDVAGASPTDYVNVVNACLNVQSCVGITSFGVADPDSWRASTTPLLFDGNFNPKPAYNAIVQDLQQ
127;V6I,M49L,K50Q,T54V,G82A,M84C,S89N,Q90F,T105I,A125V,E131S,P154K,M172A,Y174S,R190K,Q207M,H209N,V266S;0.000521801;0.214970636;EAAQSIDQLIKARGKVYFGVATDQNRLTTGKNAAIIQADFGMVWPENSLQWDAVEPSQGNFNFAGADYLVNWAQQNGKLIGAGCLVWHNFLPSWVSSITDKNTLINVMKNHITTLMTRYKGKIRVWDVVGSAFNEDGSLRQTVFLNVIGEDYIKIAFQTARAADPNAKLYIADSNLDSASYPKTQAIVNKVKQWRAAGVPIDGIGSMTNLSAGQGAGVLQALPLLASAGTPEVSILMLDVAGASPTDYVNVVNACLNVQSCVGITSFGVADPDSWRASTTPLLFDGNFNPKPAYNAIVQDLQQ
128;V6I,Q37K,N47E,K50Q,L69V,G82A,M84C,S89N,Q90F,T105I,A125V,E131S,P154K,M172A,Y174S,R190K,Q207M,H209N,V266S;0.000515689;0.212452717;EAAQSIDQLIKARGKVYFGVATDQNRLTTGKNAAIIKADFGMVWPEESMQWDATEPSQGNFNFAGADYVVNWAQQNGKLIGAGCLVWHNFLPSWVSSITDKNTLINVMKNHITTLMTRYKGKIRVWDVVGSAFNEDGSLRQTVFLNVIGEDYIKIAFQTARAADPNAKLYIADSNLDSASYPKTQAIVNKVKQWRAAGVPIDGIGSMTNLSAGQGAGVLQALPLLASAGTPEVSILMLDVAGASPTDYVNVVNACLNVQSCVGITSFGVADPDSWRASTTPLLFDGNFNPKPAYNAIVQDLQQ
129;V6I,Q37K,N47E,K50Q,G82A,M84C,S89N,Q90F,N102E,A125V,E131S,P154K,M172A,Y174S,R190K,Q207M,H209N,V266S,W275A,R276F;0.000512246;0.211034131;EAAQSIDQLIKARGKVYFGVATDQNRLTTGKNAAIIKADFGMVWPEESMQWDATEPSQGNFNFAGADYLVNWAQQNGKLIGAGCLVWHNFLPSWVSSITDKETLTNVMKNHITTLMTRYKGKIRVWDVVGSAFNEDGSLRQTVFLNVIGEDYIKIAFQTARAADPNAKLYIADSNLDSASYPKTQAIVNKVKQWRAAGVPIDGIGSMTNLSAGQGAGVLQALPLLASAGTPEVSILMLDVAGASPTDYVNVVNACLNVQSCVGITSFGVADPDSAFASTTPLLFDGNFNPKPAYNAIVQDLQQ
130;V6I,Q37K,N47E,K50Q,G82A,M84C,S89N,Q90F,T105I,A125T,T142N,Q207M,H209N,F267M,W275A,R276F,T279S,D300N;0.000492495;0.202897119;EAAQSIDQLIKARGKVYFGVATDQNRLTTGKNAAIIKADFGMVWPEESMQWDATEPSQGNFNFAGADYLVNWAQQNGKLIGAGCLVWHNFLPSWVSSITDKNTLINVMKNHITTLMTRYKGKIRTWDVVGEAFNEDGSLRQNVFLNVIGEDYIPIAFQTARAADPNAKLYIMDYNLDSASYPKTQAIVNRVKQWRAAGVPIDGIGSMTNLSAGQGAGVLQALPLLASAGTPEVSILMLDVAGASPTDYVNVVNACLNVQSCVGITVMGVADPDSAFASSTPLLFDGNFNPKPAYNAIVQNLQQ
131;I10M,M49L,K50Q,T54V,L69V,G82A,M84C,S89N,Q90F,T105I,A125T,P154K,M172A,Y174S,R190K,Q207M,H209N,V266S;0.000488243;0.20114553;EAAQSVDQLMKARGKVYFGVATDQNRLTTGKNAAIIQADFGMVWPENSLQWDAVEPSQGNFNFAGADYVVNWAQQNGKLIGAGCLVWHNFLPSWVSSITDKNTLINVMKNHITTLMTRYKGKIRTWDVVGEAFNEDGSLRQTVFLNVIGEDYIKIAFQTARAADPNAKLYIADSNLDSASYPKTQAIVNKVKQWRAAGVPIDGIGSMTNLSAGQGAGVLQALPLLASAGTPEVSILMLDVAGASPTDYVNVVNACLNVQSCVGITSFGVADPDSWRASTTPLLFDGNFNPKPAYNAIVQDLQQ
132;I10M,Q37K,N47E,K50Q,G82A,M84C,S89N,Q90F,A125V,E131S,P154K,M172A,Y174S,R190K,Q207M,H209N,V266S;0.000474629;0.195536802;EAAQSVDQLMKARGKVYFGVATDQNRLTTGKNAAIIKADFGMVWPEESMQWDATEPSQGNFNFAGADYLVNWAQQNGKLIGAGCLVWHNFLPSWVSSITDKNTLTNVMKNHITTLMTRYKGKIRVWDVVGSAFNEDGSLRQTVFLNVIGEDYIKIAFQTARAADPNAKLYIADSNLDSASYPKTQAIVNKVKQWRAAGVPIDGIGSMTNLSAGQGAGVLQALPLLASAGTPEVSILMLDVAGASPTDYVNVVNACLNVQSCVGITSFGVADPDSWRASTTPLLFDGNFNPKPAYNAIVQDLQQ
133;I10M,Q37K,N47E,K50Q,G82A,M84C,S89N,Q90F,T105I,A125T,M172A,Y174S,R190K,Q207M,H209N,V266S,D300N;0.000471402;0.194207463;EAAQSVDQLMKARGKVYFGVATDQNRLTTGKNAAIIKADFGMVWPEESMQWDATEPSQGNFNFAGADYLVNWAQQNGKLIGAGCLVWHNFLPSWVSSITDKNTLINVMKNHITTLMTRYKGKIRTWDVVGEAFNEDGSLRQTVFLNVIGEDYIPIAFQTARAADPNAKLYIADSNLDSASYPKTQAIVNKVKQWRAAGVPIDGIGSMTNLSAGQGAGVLQALPLLASAGTPEVSILMLDVAGASPTDYVNVVNACLNVQSCVGITSFGVADPDSWRASTTPLLFDGNFNPKPAYNAIVQNLQQ
134;I10M,M49L,K50Q,T54V,L69V,G82A,M84C,Q90H,N102E,A125V,E131S,P154K,M172A,Y174S,R190K,Q207M,H209N,V266S;0.000469011;0.193222603;EAAQSVDQLMKARGKVYFGVATDQNRLTTGKNAAIIQADFGMVWPENSLQWDAVEPSQGNFNFAGADYVVNWAQQNGKLIGAGCLVWHSHLPSWVSSITDKETLTNVMKNHITTLMTRYKGKIRVWDVVGSAFNEDGSLRQTVFLNVIGEDYIKIAFQTARAADPNAKLYIADSNLDSASYPKTQAIVNKVKQWRAAGVPIDGIGSMTNLSAGQGAGVLQALPLLASAGTPEVSILMLDVAGASPTDYVNVVNACLNVQSCVGITSFGVADPDSWRASTTPLLFDGNFNPKPAYNAIVQDLQQ
135;I10M,M49L,K50Q,T54V,G82A,M84C,S89N,Q90F,N102E,A125V,E131S,P154K,M172A,Y174S,R190K,Q207M,H209N,V266S,D300N;0.000467473;0.192588632;EAAQSVDQLMKARGKVYFGVATDQNRLTTGKNAAIIQADFGMVWPENSLQWDAVEPSQGNFNFAGADYLVNWAQQNGKLIGAGCLVWHNFLPSWVSSITDKETLTNVMKNHITTLMTRYKGKIRVWDVVGSAFNEDGSLRQTVFLNVIGEDYIKIAFQTARAADPNAKLYIADSNLDSASYPKTQAIVNKVKQWRAAGVPIDGIGSMTNLSAGQGAGVLQALPLLASAGTPEVSILMLDVAGASPTDYVNVVNACLNVQSCVGITSFGVADPDSWRASTTPLLFDGNFNPKPAYNAIVQNLQQ
136;I10M,Q37K,N47E,K50Q,L69V,G82A,M84C,S89N,Q90F,T105I,A125V,T142N,P154K,M172A,Y174S,R190K,Q207M,H209N,F267M,W275A,R276F,T279S,D300N;0.000466415;0.192152742;EAAQSVDQLMKARGKVYFGVATDQNRLTTGKNAAIIKADFGMVWPEESMQWDATEPSQGNFNFAGADYVVNWAQQNGKLIGAGCLVWHNFLPSWVSSITDKNTLINVMKNHITTLMTRYKGKIRVWDVVGEAFNEDGSLRQNVFLNVIGEDYIKIAFQTARAADPNAKLYIADSNLDSASYPKTQAIVNKVKQWRAAGVPIDGIGSMTNLSAGQGAGVLQALPLLASAGTPEVSILMLDVAGASPTDYVNVVNACLNVQSCVGITVMGVADPDSAFASSTPLLFDGNFNPKPAYNAIVQNLQQ
137;I10M,Q37K,N47E,K50Q,L69V,Q90H,T105I,A125V,T142N,R190K,T208M,F267M,W275A,R276F,T279S,D300N;0.00045988;0.189460769;EAAQSVDQLMKARGKVYFGVATDQNRLTTGKNAAIIKADFGMVWPEESMQWDATEPSQGNFNFAGADYVVNWAQQNGKLIGGGMLVWHSHLPSWVSSITDKNTLINVMKNHITTLMTRYKGKIRVWDVVGEAFNEDGSLRQNVFLNVIGEDYIPIAFQTARAADPNAKLYIMDYNLDSASYPKTQAIVNKVKQWRAAGVPIDGIGSQMHLSAGQGAGVLQALPLLASAGTPEVSILMLDVAGASPTDYVNVVNACLNVQSCVGITVMGVADPDSAFASSTPLLFDGNFNPKPAYNAIVQNLQQ
138;V6I,Q37K,N47E,K50Q,G82A,M84C,S89N,Q90F,N102E,A125V,E131S,P154K,M172A,Y174S,R190K,Q207M,H209N,V266S;0.000458482;0.188884582;EAAQSIDQLIKARGKVYFGVATDQNRLTTGKNAAIIKADFGMVWPEESMQWDATEPSQGNFNFAGADYLVNWAQQNGKLIGAGCLVWHNFLPSWVSSITDKETLTNVMKNHITTLMTRYKGKIRVWDVVGSAFNEDGSLRQTVFLNVIGEDYIKIAFQTARAADPNAKLYIADSNLDSASYPKTQAIVNKVKQWRAAGVPIDGIGSMTNLSAGQGAGVLQALPLLASAGTPEVSILMLDVAGASPTDYVNVVNACLNVQSCVGITSFGVADPDSWRASTTPLLFDGNFNPKPAYNAIVQDLQQ
139;M49L,K50Q,T54V,L69V,G82A,M84C,S89N,Q90F,T105I,A125V,E131S,P154K,M172A,Y174S,R190K,Q207M,H209N,V266S;0.000447596;0.184399743;EAAQSVDQLIKARGKVYFGVATDQNRLTTGKNAAIIQADFGMVWPENSLQWDAVEPSQGNFNFAGADYVVNWAQQNGKLIGAGCLVWHNFLPSWVSSITDKNTLINVMKNHITTLMTRYKGKIRVWDVVGSAFNEDGSLRQTVFLNVIGEDYIKIAFQTARAADPNAKLYIADSNLDSASYPKTQAIVNKVKQWRAAGVPIDGIGSMTNLSAGQGAGVLQALPLLASAGTPEVSILMLDVAGASPTDYVNVVNACLNVQSCVGITSFGVADPDSWRASTTPLLFDGNFNPKPAYNAIVQDLQQ
140;I10M,M49L,K50Q,L69V,Q90H,N102E,A125V,E131S,M172A,Y174S,R190K,Q207M,H209N,F267M,W275A,R276F,T279S;0.00044415;0.182980088;EAAQSVDQLMKARGKVYFGVATDQNRLTTGKNAAIIQADFGMVWPENSLQWDATEPSQGNFNFAGADYVVNWAQQNGKLIGGGMLVWHSHLPSWVSSITDKETLTNVMKNHITTLMTRYKGKIRVWDVVGSAFNEDGSLRQTVFLNVIGEDYIPIAFQTARAADPNAKLYIADSNLDSASYPKTQAIVNKVKQWRAAGVPIDGIGSMTNLSAGQGAGVLQALPLLASAGTPEVSILMLDVAGASPTDYVNVVNACLNVQSCVGITVMGVADPDSAFASSTPLLFDGNFNPKPAYNAIVQDLQQ
141;I10M,M49L,K50Q,T54V,L69V,G82A,M84C,S89N,Q90F,N102E,A125V,E131S,P154K,M172A,Y174S,R190K,Q207M,H209N,V266S;0.000438894;0.180814713;EAAQSVDQLMKARGKVYFGVATDQNRLTTGKNAAIIQADFGMVWPENSLQWDAVEPSQGNFNFAGADYVVNWAQQNGKLIGAGCLVWHNFLPSWVSSITDKETLTNVMKNHITTLMTRYKGKIRVWDVVGSAFNEDGSLRQTVFLNVIGEDYIKIAFQTARAADPNAKLYIADSNLDSASYPKTQAIVNKVKQWRAAGVPIDGIGSMTNLSAGQGAGVLQALPLLASAGTPEVSILMLDVAGASPTDYVNVVNACLNVQSCVGITSFGVADPDSWRASTTPLLFDGNFNPKPAYNAIVQDLQQ
142;V6I,Q37K,M49L,K50Q,T54V,Q90H,N102E,A125T,T142N,R190K,T208M,F267M,W275A,R276F,T279S,D300N;0.000437501;0.180241057;EAAQSIDQLIKARGKVYFGVATDQNRLTTGKNAAIIKADFGMVWPENSLQWDAVEPSQGNFNFAGADYLVNWAQQNGKLIGGGMLVWHSHLPSWVSSITDKETLTNVMKNHITTLMTRYKGKIRTWDVVGEAFNEDGSLRQNVFLNVIGEDYIPIAFQTARAADPNAKLYIMDYNLDSASYPKTQAIVNKVKQWRAAGVPIDGIGSQMHLSAGQGAGVLQALPLLASAGTPEVSILMLDVAGASPTDYVNVVNACLNVQSCVGITVMGVADPDSAFASSTPLLFDGNFNPKPAYNAIVQNLQQ
143;I10M,M49L,K50Q,L69V,G82A,M84C,Q90H,N102E,A125V,E131S,P154K,M172A,Y174S,R190K,Q207M,H209N,V266S;0.00043381;0.178720258;EAAQSVDQLMKARGKVYFGVATDQNRLTTGKNAAIIQADFGMVWPENSLQWDATEPSQGNFNFAGADYVVNWAQQNGKLIGAGCLVWHSHLPSWVSSITDKETLTNVMKNHITTLMTRYKGKIRVWDVVGSAFNEDGSLRQTVFLNVIGEDYIKIAFQTARAADPNAKLYIADSNLDSASYPKTQAIVNKVKQWRAAGVPIDGIGSMTNLSAGQGAGVLQALPLLASAGTPEVSILMLDVAGASPTDYVNVVNACLNVQSCVGITSFGVADPDSWRASTTPLLFDGNFNPKPAYNAIVQDLQQ
144;V6I,N47E,K50Q,T54V,L69V,S89N,Q90F,T105I,A125T,T142N,R190K,T208M,F267M,W275A,R276F,T279S;0.000432358;0.178122038;EAAQSIDQLIKARGKVYFGVATDQNRLTTGKNAAIIQADFGMVWPEESMQWDAVEPSQGNFNFAGADYVVNWAQQNGKLIGGGMLVWHNFLPSWVSSITDKNTLINVMKNHITTLMTRYKGKIRTWDVVGEAFNEDGSLRQNVFLNVIGEDYIPIAFQTARAADPNAKLYIMDYNLDSASYPKTQAIVNKVKQWRAAGVPIDGIGSQMHLSAGQGAGVLQALPLLASAGTPEVSILMLDVAGASPTDYVNVVNACLNVQSCVGITVMGVADPDSAFASSTPLLFDGNFNPKPAYNAIVQDLQQ
145;V6I,Q37K,N47E,K50Q,T54V,L69V,S89N,Q90F,T105I,A125T,T142N,T208M,F267M,W275A,R276F,T279S,D300N;0.000426399;0.175667289;EAAQSIDQLIKARGKVYFGVATDQNRLTTGKNAAIIKADFGMVWPEESMQWDAVEPSQGNFNFAGADYVVNWAQQNGKLIGGGMLVWHNFLPSWVSSITDKNTLINVMKNHITTLMTRYKGKIRTWDVVGEAFNEDGSLRQNVFLNVIGEDYIPIAFQTARAADPNAKLYIMDYNLDSASYPKTQAIVNRVKQWRAAGVPIDGIGSQMHLSAGQGAGVLQALPLLASAGTPEVSILMLDVAGASPTDYVNVVNACLNVQSCVGITVMGVADPDSAFASSTPLLFDGNFNPKPAYNAIVQNLQQ
146;I10M,M49L,K50Q,G82A,M84C,S89N,Q90F,N102E,A125T,E131S,T142N,P154K,M172A,Y174S,R190K,Q207M,H209N,V266S;0.000421948;0.173833283;EAAQSVDQLMKARGKVYFGVATDQNRLTTGKNAAIIQADFGMVWPENSLQWDATEPSQGNFNFAGADYLVNWAQQNGKLIGAGCLVWHNFLPSWVSSITDKETLTNVMKNHITTLMTRYKGKIRTWDVVGSAFNEDGSLRQNVFLNVIGEDYIKIAFQTARAADPNAKLYIADSNLDSASYPKTQAIVNKVKQWRAAGVPIDGIGSMTNLSAGQGAGVLQALPLLASAGTPEVSILMLDVAGASPTDYVNVVNACLNVQSCVGITSFGVADPDSWRASTTPLLFDGNFNPKPAYNAIVQDLQQ
147;V6I,M49L,K50Q,T54V,L69V,Q90H,T105I,A125T,E131S,P154K,R190K,T208M,F267M,W275A,R276F,T279S,D300N;0.000420825;0.173370725;EAAQSIDQLIKARGKVYFGVATDQNRLTTGKNAAIIQADFGMVWPENSLQWDAVEPSQGNFNFAGADYVVNWAQQNGKLIGGGMLVWHSHLPSWVSSITDKNTLINVMKNHITTLMTRYKGKIRTWDVVGSAFNEDGSLRQTVFLNVIGEDYIKIAFQTARAADPNAKLYIMDYNLDSASYPKTQAIVNKVKQWRAAGVPIDGIGSQMHLSAGQGAGVLQALPLLASAGTPEVSILMLDVAGASPTDYVNVVNACLNVQSCVGITVMGVADPDSAFASSTPLLFDGNFNPKPAYNAIVQNLQQ
148;I10M,Q37K,N47E,K50Q,G82A,M84C,Q90H,N102E,A125V,E131S,P154K,M172A,Y174S,R190K,Q207M,H209N,V266S;0.000398624;0.164224523;EAAQSVDQLMKARGKVYFGVATDQNRLTTGKNAAIIKADFGMVWPEESMQWDATEPSQGNFNFAGADYLVNWAQQNGKLIGAGCLVWHSHLPSWVSSITDKETLTNVMKNHITTLMTRYKGKIRVWDVVGSAFNEDGSLRQTVFLNVIGEDYIKIAFQTARAADPNAKLYIADSNLDSASYPKTQAIVNKVKQWRAAGVPIDGIGSMTNLSAGQGAGVLQALPLLASAGTPEVSILMLDVAGASPTDYVNVVNACLNVQSCVGITSFGVADPDSWRASTTPLLFDGNFNPKPAYNAIVQDLQQ
149;I10M,Q37K,N47E,K50Q,G82A,M84C,S89N,Q90F,T105I,A125V,E131S,P154K,M172A,Y174S,R190K,Q207M,H209N,V266S;0.000396145;0.163203256;EAAQSVDQLMKARGKVYFGVATDQNRLTTGKNAAIIKADFGMVWPEESMQWDATEPSQGNFNFAGADYLVNWAQQNGKLIGAGCLVWHNFLPSWVSSITDKNTLINVMKNHITTLMTRYKGKIRVWDVVGSAFNEDGSLRQTVFLNVIGEDYIKIAFQTARAADPNAKLYIADSNLDSASYPKTQAIVNKVKQWRAAGVPIDGIGSMTNLSAGQGAGVLQALPLLASAGTPEVSILMLDVAGASPTDYVNVVNACLNVQSCVGITSFGVADPDSWRASTTPLLFDGNFNPKPAYNAIVQDLQQ
150;I10M,M49L,K50Q,G82A,M84C,S89N,Q90F,N102E,T105I,A125T,E131S,P154K,M172A,Y174S,R190K,Q207M,H209N,V266S;0.000393793;0.162234354;EAAQSVDQLMKARGKVYFGVATDQNRLTTGKNAAIIQADFGMVWPENSLQWDATEPSQGNFNFAGADYLVNWAQQNGKLIGAGCLVWHNFLPSWVSSITDKETLINVMKNHITTLMTRYKGKIRTWDVVGSAFNEDGSLRQTVFLNVIGEDYIKIAFQTARAADPNAKLYIADSNLDSASYPKTQAIVNKVKQWRAAGVPIDGIGSMTNLSAGQGAGVLQALPLLASAGTPEVSILMLDVAGASPTDYVNVVNACLNVQSCVGITSFGVADPDSWRASTTPLLFDGNFNPKPAYNAIVQDLQQ
151;V6I,Q37K,N47E,K50Q,G82A,M84C,S89N,Q90F,T105I,A125V,T142N,M172A,Y174S,T208M,V266S,D300N;0.000385187;0.158688726;EAAQSIDQLIKARGKVYFGVATDQNRLTTGKNAAIIKADFGMVWPEESMQWDATEPSQGNFNFAGADYLVNWAQQNGKLIGAGCLVWHNFLPSWVSSITDKNTLINVMKNHITTLMTRYKGKIRVWDVVGEAFNEDGSLRQNVFLNVIGEDYIPIAFQTARAADPNAKLYIADSNLDSASYPKTQAIVNRVKQWRAAGVPIDGIGSQMHLSAGQGAGVLQALPLLASAGTPEVSILMLDVAGASPTDYVNVVNACLNVQSCVGITSFGVADPDSWRASTTPLLFDGNFNPKPAYNAIVQNLQQ
152;I10M,M49L,K50Q,T54V,G82A,M84C,S89N,Q90F,N102E,A125V,E131S,P154K,M172A,Y174S,R190K,Q207M,H209N,V266S,W275A,R276F,T279S;0.000360391;0.148473411;EAAQSVDQLMKARGKVYFGVATDQNRLTTGKNAAIIQADFGMVWPENSLQWDAVEPSQGNFNFAGADYLVNWAQQNGKLIGAGCLVWHNFLPSWVSSITDKETLTNVMKNHITTLMTRYKGKIRVWDVVGSAFNEDGSLRQTVFLNVIGEDYIKIAFQTARAADPNAKLYIADSNLDSASYPKTQAIVNKVKQWRAAGVPIDGIGSMTNLSAGQGAGVLQALPLLASAGTPEVSILMLDVAGASPTDYVNVVNACLNVQSCVGITSFGVADPDSAFASSTPLLFDGNFNPKPAYNAIVQDLQQ
153;I10M,N47E,K50Q,G82A,M84C,Q90H,N102E,T105I,A125V,E131S,P154K,M172A,Y174S,R190K,Q207M,H209N,V266S;0.000360327;0.148446794;EAAQSVDQLMKARGKVYFGVATDQNRLTTGKNAAIIQADFGMVWPEESMQWDATEPSQGNFNFAGADYLVNWAQQNGKLIGAGCLVWHSHLPSWVSSITDKETLINVMKNHITTLMTRYKGKIRVWDVVGSAFNEDGSLRQTVFLNVIGEDYIKIAFQTARAADPNAKLYIADSNLDSASYPKTQAIVNKVKQWRAAGVPIDGIGSMTNLSAGQGAGVLQALPLLASAGTPEVSILMLDVAGASPTDYVNVVNACLNVQSCVGITSFGVADPDSWRASTTPLLFDGNFNPKPAYNAIVQDLQQ
154;V6I,Q37K,N47E,K50Q,L69V,Q90H,N102E,A125V,E131S,P154K,T208M,F267M,W275A,R276F,T279S;0.000359246;0.148001496;EAAQSIDQLIKARGKVYFGVATDQNRLTTGKNAAIIKADFGMVWPEESMQWDATEPSQGNFNFAGADYVVNWAQQNGKLIGGGMLVWHSHLPSWVSSITDKETLTNVMKNHITTLMTRYKGKIRVWDVVGSAFNEDGSLRQTVFLNVIGEDYIKIAFQTARAADPNAKLYIMDYNLDSASYPKTQAIVNRVKQWRAAGVPIDGIGSQMHLSAGQGAGVLQALPLLASAGTPEVSILMLDVAGASPTDYVNVVNACLNVQSCVGITVMGVADPDSAFASSTPLLFDGNFNPKPAYNAIVQDLQQ
155;Q37K,N47E,K50Q,L69V,G82A,M84C,S89N,Q90F,N102E,A125V,E131S,P154K,M172A,Y174S,R190K,Q207M,H209N,F267M;0.000350906;0.144565725;EAAQSVDQLIKARGKVYFGVATDQNRLTTGKNAAIIKADFGMVWPEESMQWDATEPSQGNFNFAGADYVVNWAQQNGKLIGAGCLVWHNFLPSWVSSITDKETLTNVMKNHITTLMTRYKGKIRVWDVVGSAFNEDGSLRQTVFLNVIGEDYIKIAFQTARAADPNAKLYIADSNLDSASYPKTQAIVNKVKQWRAAGVPIDGIGSMTNLSAGQGAGVLQALPLLASAGTPEVSILMLDVAGASPTDYVNVVNACLNVQSCVGITVMGVADPDSWRASTTPLLFDGNFNPKPAYNAIVQDLQQ
156;I10M,M49L,K50Q,T54V,L69V,G82A,M84C,S89N,Q90F,N102E,A125V,E131S,P154K,M172A,Y174S,R190K,Q207M,H209N,F267M;0.000348887;0.143733849;EAAQSVDQLMKARGKVYFGVATDQNRLTTGKNAAIIQADFGMVWPENSLQWDAVEPSQGNFNFAGADYVVNWAQQNGKLIGAGCLVWHNFLPSWVSSITDKETLTNVMKNHITTLMTRYKGKIRVWDVVGSAFNEDGSLRQTVFLNVIGEDYIKIAFQTARAADPNAKLYIADSNLDSASYPKTQAIVNKVKQWRAAGVPIDGIGSMTNLSAGQGAGVLQALPLLASAGTPEVSILMLDVAGASPTDYVNVVNACLNVQSCVGITVMGVADPDSWRASTTPLLFDGNFNPKPAYNAIVQDLQQ
157;V6I,I10M,Q37K,N47E,K50Q,G82A,M84C,S89N,Q90F,N102E,A125V,E131S,P154K,M172A,Y174S,R190K,Q207M,H209N,V266S,W275A,R276F,T279S;0.000340772;0.14039062;EAAQSIDQLMKARGKVYFGVATDQNRLTTGKNAAIIKADFGMVWPEESMQWDATEPSQGNFNFAGADYLVNWAQQNGKLIGAGCLVWHNFLPSWVSSITDKETLTNVMKNHITTLMTRYKGKIRVWDVVGSAFNEDGSLRQTVFLNVIGEDYIKIAFQTARAADPNAKLYIADSNLDSASYPKTQAIVNKVKQWRAAGVPIDGIGSMTNLSAGQGAGVLQALPLLASAGTPEVSILMLDVAGASPTDYVNVVNACLNVQSCVGITSFGVADPDSAFASSTPLLFDGNFNPKPAYNAIVQDLQQ
158;V6I,Q37K,N47E,K50Q,G82A,M84C,S89N,Q90F,T105I,A125T,T142N,P154K,M172A,Y174S,R190K,T208M,V266S,D300N;0.000333255;0.137293784;EAAQSIDQLIKARGKVYFGVATDQNRLTTGKNAAIIKADFGMVWPEESMQWDATEPSQGNFNFAGADYLVNWAQQNGKLIGAGCLVWHNFLPSWVSSITDKNTLINVMKNHITTLMTRYKGKIRTWDVVGEAFNEDGSLRQNVFLNVIGEDYIKIAFQTARAADPNAKLYIADSNLDSASYPKTQAIVNKVKQWRAAGVPIDGIGSQMHLSAGQGAGVLQALPLLASAGTPEVSILMLDVAGASPTDYVNVVNACLNVQSCVGITSFGVADPDSWRASTTPLLFDGNFNPKPAYNAIVQNLQQ
159;I10M,M49L,K50Q,T54V,L69V,G82A,M84C,S89N,Q90F,A125V,E131S,M172A,Y174S,R190K,Q207M,H209N,V266S;0.000320435;0.132012215;EAAQSVDQLMKARGKVYFGVATDQNRLTTGKNAAIIQADFGMVWPENSLQWDAVEPSQGNFNFAGADYVVNWAQQNGKLIGAGCLVWHNFLPSWVSSITDKNTLTNVMKNHITTLMTRYKGKIRVWDVVGSAFNEDGSLRQTVFLNVIGEDYIPIAFQTARAADPNAKLYIADSNLDSASYPKTQAIVNKVKQWRAAGVPIDGIGSMTNLSAGQGAGVLQALPLLASAGTPEVSILMLDVAGASPTDYVNVVNACLNVQSCVGITSFGVADPDSWRASTTPLLFDGNFNPKPAYNAIVQDLQQ
160;I10M,M49L,K50Q,T54V,L69V,Q90H,N102E,A125V,E131S,P154K;0.000317549;0.130823383;EAAQSVDQLMKARGKVYFGVATDQNRLTTGKNAAIIQADFGMVWPENSLQWDAVEPSQGNFNFAGADYVVNWAQQNGKLIGGGMLVWHSHLPSWVSSITDKETLTNVMKNHITTLMTRYKGKIRVWDVVGSAFNEDGSLRQTVFLNVIGEDYIKIAFQTARAADPNAKLYIMDYNLDSASYPKTQAIVNRVKQWRAAGVPIDGIGSQTHLSAGQGAGVLQALPLLASAGTPEVSILMLDVAGASPTDYVNVVNACLNVQSCVGITVFGVADPDSWRASTTPLLFDGNFNPKPAYNAIVQDLQQ
161;V6I,Q37K,N47E,K50Q,Q90H,T105I,A125V,E131S,P154K,M172A,Y174S,T208M,V266S;0.000317446;0.130780837;EAAQSIDQLIKARGKVYFGVATDQNRLTTGKNAAIIKADFGMVWPEESMQWDATEPSQGNFNFAGADYLVNWAQQNGKLIGGGMLVWHSHLPSWVSSITDKNTLINVMKNHITTLMTRYKGKIRVWDVVGSAFNEDGSLRQTVFLNVIGEDYIKIAFQTARAADPNAKLYIADSNLDSASYPKTQAIVNRVKQWRAAGVPIDGIGSQMHLSAGQGAGVLQALPLLASAGTPEVSILMLDVAGASPTDYVNVVNACLNVQSCVGITSFGVADPDSWRASTTPLLFDGNFNPKPAYNAIVQDLQQ
162;I10M,Q37K,M49L,K50Q,T54V,L69V,Q90H,N102E,A125V,E131S,P154K,T208M,V266S;0.000294619;0.121376867;EAAQSVDQLMKARGKVYFGVATDQNRLTTGKNAAIIKADFGMVWPENSLQWDAVEPSQGNFNFAGADYVVNWAQQNGKLIGGGMLVWHSHLPSWVSSITDKETLTNVMKNHITTLMTRYKGKIRVWDVVGSAFNEDGSLRQTVFLNVIGEDYIKIAFQTARAADPNAKLYIMDYNLDSASYPKTQAIVNRVKQWRAAGVPIDGIGSQMHLSAGQGAGVLQALPLLASAGTPEVSILMLDVAGASPTDYVNVVNACLNVQSCVGITSFGVADPDSWRASTTPLLFDGNFNPKPAYNAIVQDLQQ
163;I10M,M49L,K50Q,T54V,L69V,Q90H,N102E,A125V,E131S,T142N,R190K,Q207M,H209N,V266S;0.000291471;0.120079832;EAAQSVDQLMKARGKVYFGVATDQNRLTTGKNAAIIQADFGMVWPENSLQWDAVEPSQGNFNFAGADYVVNWAQQNGKLIGGGMLVWHSHLPSWVSSITDKETLTNVMKNHITTLMTRYKGKIRVWDVVGSAFNEDGSLRQNVFLNVIGEDYIPIAFQTARAADPNAKLYIMDYNLDSASYPKTQAIVNKVKQWRAAGVPIDGIGSMTNLSAGQGAGVLQALPLLASAGTPEVSILMLDVAGASPTDYVNVVNACLNVQSCVGITSFGVADPDSWRASTTPLLFDGNFNPKPAYNAIVQDLQQ
164;I10M,M49L,K50Q,T54V,L69V,G82A,M84C,S89N,Q90F,A125V,E131S,P154K,M172A,Y174S,R190K,Q207M,H209N,F267M;0.000285442;0.117596087;EAAQSVDQLMKARGKVYFGVATDQNRLTTGKNAAIIQADFGMVWPENSLQWDAVEPSQGNFNFAGADYVVNWAQQNGKLIGAGCLVWHNFLPSWVSSITDKNTLTNVMKNHITTLMTRYKGKIRVWDVVGSAFNEDGSLRQTVFLNVIGEDYIKIAFQTARAADPNAKLYIADSNLDSASYPKTQAIVNKVKQWRAAGVPIDGIGSMTNLSAGQGAGVLQALPLLASAGTPEVSILMLDVAGASPTDYVNVVNACLNVQSCVGITVMGVADPDSWRASTTPLLFDGNFNPKPAYNAIVQDLQQ
165;V6I,Q37K,N47E,K50Q,G82A,M84C,S89N,Q90F,T105I,A125T,T142N,P154K,M172A,Y174S,T208M,V266S;0.000282484;0.116377181;EAAQSIDQLIKARGKVYFGVATDQNRLTTGKNAAIIKADFGMVWPEESMQWDATEPSQGNFNFAGADYLVNWAQQNGKLIGAGCLVWHNFLPSWVSSITDKNTLINVMKNHITTLMTRYKGKIRTWDVVGEAFNEDGSLRQNVFLNVIGEDYIKIAFQTARAADPNAKLYIADSNLDSASYPKTQAIVNRVKQWRAAGVPIDGIGSQMHLSAGQGAGVLQALPLLASAGTPEVSILMLDVAGASPTDYVNVVNACLNVQSCVGITSFGVADPDSWRASTTPLLFDGNFNPKPAYNAIVQDLQQ
166;I10M,M49L,K50Q,T54V,L69V,Q90H,N102E,A125V,E131S,P154K,R190K,Q207M,H209N,V266S;0.00026916;0.110888278;EAAQSVDQLMKARGKVYFGVATDQNRLTTGKNAAIIQADFGMVWPENSLQWDAVEPSQGNFNFAGADYVVNWAQQNGKLIGGGMLVWHSHLPSWVSSITDKETLTNVMKNHITTLMTRYKGKIRVWDVVGSAFNEDGSLRQTVFLNVIGEDYIKIAFQTARAADPNAKLYIMDYNLDSASYPKTQAIVNKVKQWRAAGVPIDGIGSMTNLSAGQGAGVLQALPLLASAGTPEVSILMLDVAGASPTDYVNVVNACLNVQSCVGITSFGVADPDSWRASTTPLLFDGNFNPKPAYNAIVQDLQQ
167;I10M,M49L,K50Q,T54V,L69V,Q90H,N102E,A125V,E131S,R190K,Q207M,H209N,V266S;0.000265736;0.109477653;EAAQSVDQLMKARGKVYFGVATDQNRLTTGKNAAIIQADFGMVWPENSLQWDAVEPSQGNFNFAGADYVVNWAQQNGKLIGGGMLVWHSHLPSWVSSITDKETLTNVMKNHITTLMTRYKGKIRVWDVVGSAFNEDGSLRQTVFLNVIGEDYIPIAFQTARAADPNAKLYIMDYNLDSASYPKTQAIVNKVKQWRAAGVPIDGIGSMTNLSAGQGAGVLQALPLLASAGTPEVSILMLDVAGASPTDYVNVVNACLNVQSCVGITSFGVADPDSWRASTTPLLFDGNFNPKPAYNAIVQDLQQ
168;V6I,Q37K,N47E,K50Q,G82A,M84C,S89N,Q90F,T105I,A125V,E131S,P154K,M172A,Y174S,Q207M,H209N,F267M,W275A,R276F,T279S,D300N;0.000265369;0.109326138;EAAQSIDQLIKARGKVYFGVATDQNRLTTGKNAAIIKADFGMVWPEESMQWDATEPSQGNFNFAGADYLVNWAQQNGKLIGAGCLVWHNFLPSWVSSITDKNTLINVMKNHITTLMTRYKGKIRVWDVVGSAFNEDGSLRQTVFLNVIGEDYIKIAFQTARAADPNAKLYIADSNLDSASYPKTQAIVNRVKQWRAAGVPIDGIGSMTNLSAGQGAGVLQALPLLASAGTPEVSILMLDVAGASPTDYVNVVNACLNVQSCVGITVMGVADPDSAFASSTPLLFDGNFNPKPAYNAIVQNLQQ
169;I10M,N47E,K50Q,L69V,Q90H,N102E,A125V,T142N,T208M,F267M,W275A,R276F,T279S;0.00025669;0.105750702;EAAQSVDQLMKARGKVYFGVATDQNRLTTGKNAAIIQADFGMVWPEESMQWDATEPSQGNFNFAGADYVVNWAQQNGKLIGGGMLVWHSHLPSWVSSITDKETLTNVMKNHITTLMTRYKGKIRVWDVVGEAFNEDGSLRQNVFLNVIGEDYIPIAFQTARAADPNAKLYIMDYNLDSASYPKTQAIVNRVKQWRAAGVPIDGIGSQMHLSAGQGAGVLQALPLLASAGTPEVSILMLDVAGASPTDYVNVVNACLNVQSCVGITVMGVADPDSAFASSTPLLFDGNFNPKPAYNAIVQDLQQ
170;I10M,M49L,K50Q,T54V,N102E,A125V,E131S,P154K,R190K,Q207M,H209N,V266S;0.000255991;0.105462609;EAAQSVDQLMKARGKVYFGVATDQNRLTTGKNAAIIQADFGMVWPENSLQWDAVEPSQGNFNFAGADYLVNWAQQNGKLIGGGMLVWHSQLPSWVSSITDKETLTNVMKNHITTLMTRYKGKIRVWDVVGSAFNEDGSLRQTVFLNVIGEDYIKIAFQTARAADPNAKLYIMDYNLDSASYPKTQAIVNKVKQWRAAGVPIDGIGSMTNLSAGQGAGVLQALPLLASAGTPEVSILMLDVAGASPTDYVNVVNACLNVQSCVGITSFGVADPDSWRASTTPLLFDGNFNPKPAYNAIVQDLQQ
171;I10M,M49L,K50Q,T54V,L69V,G82A,M84C,Q90H,N102E,A125V,E131S,P154K,M172A,Y174S,R190K,Q207M,H209N,F267M,W275A,R276F;0.000250873;0.103354191;EAAQSVDQLMKARGKVYFGVATDQNRLTTGKNAAIIQADFGMVWPENSLQWDAVEPSQGNFNFAGADYVVNWAQQNGKLIGAGCLVWHSHLPSWVSSITDKETLTNVMKNHITTLMTRYKGKIRVWDVVGSAFNEDGSLRQTVFLNVIGEDYIKIAFQTARAADPNAKLYIADSNLDSASYPKTQAIVNKVKQWRAAGVPIDGIGSMTNLSAGQGAGVLQALPLLASAGTPEVSILMLDVAGASPTDYVNVVNACLNVQSCVGITVMGVADPDSAFASTTPLLFDGNFNPKPAYNAIVQDLQQ
172;V6I,M49L,K50Q,T54V,L69V,G82A,M84C,S89N,Q90F,N102E,A125T,T142N,Q207M,H209N,F267M,W275A,R276F,T279S,D300N;0.000249892;0.102949915;EAAQSIDQLIKARGKVYFGVATDQNRLTTGKNAAIIQADFGMVWPENSLQWDAVEPSQGNFNFAGADYVVNWAQQNGKLIGAGCLVWHNFLPSWVSSITDKETLTNVMKNHITTLMTRYKGKIRTWDVVGEAFNEDGSLRQNVFLNVIGEDYIPIAFQTARAADPNAKLYIMDYNLDSASYPKTQAIVNRVKQWRAAGVPIDGIGSMTNLSAGQGAGVLQALPLLASAGTPEVSILMLDVAGASPTDYVNVVNACLNVQSCVGITVMGVADPDSAFASSTPLLFDGNFNPKPAYNAIVQNLQQ
173;V6I,Q37K,M49L,K50Q,T54V,G82A,M84C,S89N,Q90F,A125T,T142N,M172A,Y174S,R190K,T208M,F267M,W275A,R276F,T279S,D300N;0.000239245;0.098563654;EAAQSIDQLIKARGKVYFGVATDQNRLTTGKNAAIIKADFGMVWPENSLQWDAVEPSQGNFNFAGADYLVNWAQQNGKLIGAGCLVWHNFLPSWVSSITDKNTLTNVMKNHITTLMTRYKGKIRTWDVVGEAFNEDGSLRQNVFLNVIGEDYIPIAFQTARAADPNAKLYIADSNLDSASYPKTQAIVNKVKQWRAAGVPIDGIGSQMHLSAGQGAGVLQALPLLASAGTPEVSILMLDVAGASPTDYVNVVNACLNVQSCVGITVMGVADPDSAFASSTPLLFDGNFNPKPAYNAIVQNLQQ
174;I10M,M49L,K50Q,T54V,L69V,Q90H,N102E,A125T,T208M,V266S;0.000235676;0.097093602;EAAQSVDQLMKARGKVYFGVATDQNRLTTGKNAAIIQADFGMVWPENSLQWDAVEPSQGNFNFAGADYVVNWAQQNGKLIGGGMLVWHSHLPSWVSSITDKETLTNVMKNHITTLMTRYKGKIRTWDVVGEAFNEDGSLRQTVFLNVIGEDYIPIAFQTARAADPNAKLYIMDYNLDSASYPKTQAIVNRVKQWRAAGVPIDGIGSQMHLSAGQGAGVLQALPLLASAGTPEVSILMLDVAGASPTDYVNVVNACLNVQSCVGITSFGVADPDSWRASTTPLLFDGNFNPKPAYNAIVQDLQQ
175;I10M,M49L,K50Q,T54V,L69V,Q90H,N102E,A125T,T142N,R190K,Q207M,H209N,V266S;0.000235349;0.096958791;EAAQSVDQLMKARGKVYFGVATDQNRLTTGKNAAIIQADFGMVWPENSLQWDAVEPSQGNFNFAGADYVVNWAQQNGKLIGGGMLVWHSHLPSWVSSITDKETLTNVMKNHITTLMTRYKGKIRTWDVVGEAFNEDGSLRQNVFLNVIGEDYIPIAFQTARAADPNAKLYIMDYNLDSASYPKTQAIVNKVKQWRAAGVPIDGIGSMTNLSAGQGAGVLQALPLLASAGTPEVSILMLDVAGASPTDYVNVVNACLNVQSCVGITSFGVADPDSWRASTTPLLFDGNFNPKPAYNAIVQDLQQ
176;I10M,Q37K,M49L,K50Q,T54V,L69V,Q90H,N102E,A125V,E131S,P154K,M172A,Y174S,R190K,Q207M,H209N,V266S,W275A,R276F,T279S;0.000235178;0.096888112;EAAQSVDQLMKARGKVYFGVATDQNRLTTGKNAAIIKADFGMVWPENSLQWDAVEPSQGNFNFAGADYVVNWAQQNGKLIGGGMLVWHSHLPSWVSSITDKETLTNVMKNHITTLMTRYKGKIRVWDVVGSAFNEDGSLRQTVFLNVIGEDYIKIAFQTARAADPNAKLYIADSNLDSASYPKTQAIVNKVKQWRAAGVPIDGIGSMTNLSAGQGAGVLQALPLLASAGTPEVSILMLDVAGASPTDYVNVVNACLNVQSCVGITSFGVADPDSAFASSTPLLFDGNFNPKPAYNAIVQDLQQ
177;I10M,M49L,K50Q,T54V,L69V,G82A,M84C,S89N,Q90F,T105I,A125V,E131S,R190K,Q207M,H209N,F267M,W275A,R276F,T279S;0.000233776;0.096310859;EAAQSVDQLMKARGKVYFGVATDQNRLTTGKNAAIIQADFGMVWPENSLQWDAVEPSQGNFNFAGADYVVNWAQQNGKLIGAGCLVWHNFLPSWVSSITDKNTLINVMKNHITTLMTRYKGKIRVWDVVGSAFNEDGSLRQTVFLNVIGEDYIPIAFQTARAADPNAKLYIMDYNLDSASYPKTQAIVNKVKQWRAAGVPIDGIGSMTNLSAGQGAGVLQALPLLASAGTPEVSILMLDVAGASPTDYVNVVNACLNVQSCVGITVMGVADPDSAFASSTPLLFDGNFNPKPAYNAIVQDLQQ
178;V6I,Q37K,N47E,K50Q,G82A,M84C,S89N,Q90F,T105I,A125T,T142N,M172A,Y174S,R190K,T208M,V266S,W275A,R276F,T279S;0.000222699;0.091747201;EAAQSIDQLIKARGKVYFGVATDQNRLTTGKNAAIIKADFGMVWPEESMQWDATEPSQGNFNFAGADYLVNWAQQNGKLIGAGCLVWHNFLPSWVSSITDKNTLINVMKNHITTLMTRYKGKIRTWDVVGEAFNEDGSLRQNVFLNVIGEDYIPIAFQTARAADPNAKLYIADSNLDSASYPKTQAIVNKVKQWRAAGVPIDGIGSQMHLSAGQGAGVLQALPLLASAGTPEVSILMLDVAGASPTDYVNVVNACLNVQSCVGITSFGVADPDSAFASSTPLLFDGNFNPKPAYNAIVQDLQQ
179;V6I,M49L,K50Q,T54V,L69V,S89N,Q90F,T105I,A125T,P154K,R190K,Q207M,H209N,V266S;0.000221112;0.091093391;EAAQSIDQLIKARGKVYFGVATDQNRLTTGKNAAIIQADFGMVWPENSLQWDAVEPSQGNFNFAGADYVVNWAQQNGKLIGGGMLVWHNFLPSWVSSITDKNTLINVMKNHITTLMTRYKGKIRTWDVVGEAFNEDGSLRQTVFLNVIGEDYIKIAFQTARAADPNAKLYIMDYNLDSASYPKTQAIVNKVKQWRAAGVPIDGIGSMTNLSAGQGAGVLQALPLLASAGTPEVSILMLDVAGASPTDYVNVVNACLNVQSCVGITSFGVADPDSWRASTTPLLFDGNFNPKPAYNAIVQDLQQ
180;V6I,M49L,K50Q,T54V,L69V,Q90H,N102E,A125V,E131S,R190K,Q207M,H209N,V266S;0.000220232;0.090730802;EAAQSIDQLIKARGKVYFGVATDQNRLTTGKNAAIIQADFGMVWPENSLQWDAVEPSQGNFNFAGADYVVNWAQQNGKLIGGGMLVWHSHLPSWVSSITDKETLTNVMKNHITTLMTRYKGKIRVWDVVGSAFNEDGSLRQTVFLNVIGEDYIPIAFQTARAADPNAKLYIMDYNLDSASYPKTQAIVNKVKQWRAAGVPIDGIGSMTNLSAGQGAGVLQALPLLASAGTPEVSILMLDVAGASPTDYVNVVNACLNVQSCVGITSFGVADPDSWRASTTPLLFDGNFNPKPAYNAIVQDLQQ
181;I10M,Q37K,N47E,K50Q,G82A,M84C,S89N,Q90F,T105I,A125T,T142N,P154K,M172A,Y174S,T208M,F267M,W275A,R276F,T279S,D300N;0.000215294;0.088696451;EAAQSVDQLMKARGKVYFGVATDQNRLTTGKNAAIIKADFGMVWPEESMQWDATEPSQGNFNFAGADYLVNWAQQNGKLIGAGCLVWHNFLPSWVSSITDKNTLINVMKNHITTLMTRYKGKIRTWDVVGEAFNEDGSLRQNVFLNVIGEDYIKIAFQTARAADPNAKLYIADSNLDSASYPKTQAIVNRVKQWRAAGVPIDGIGSQMHLSAGQGAGVLQALPLLASAGTPEVSILMLDVAGASPTDYVNVVNACLNVQSCVGITVMGVADPDSAFASSTPLLFDGNFNPKPAYNAIVQNLQQ
182;V6I,Q37K,N47E,K50Q,S89N,Q90F,T105I,A125T,T142N,R190K,Q207M,H209N,V266S,D300N;0.000206154;0.084930911;EAAQSIDQLIKARGKVYFGVATDQNRLTTGKNAAIIKADFGMVWPEESMQWDATEPSQGNFNFAGADYLVNWAQQNGKLIGGGMLVWHNFLPSWVSSITDKNTLINVMKNHITTLMTRYKGKIRTWDVVGEAFNEDGSLRQNVFLNVIGEDYIPIAFQTARAADPNAKLYIMDYNLDSASYPKTQAIVNKVKQWRAAGVPIDGIGSMTNLSAGQGAGVLQALPLLASAGTPEVSILMLDVAGASPTDYVNVVNACLNVQSCVGITSFGVADPDSWRASTTPLLFDGNFNPKPAYNAIVQNLQQ
183;I10M,N47E,K50Q,Q90H,N102E,A125T,T142N,R190K,T208M,V266S;0.000204643;0.084308703;EAAQSVDQLMKARGKVYFGVATDQNRLTTGKNAAIIQADFGMVWPEESMQWDATEPSQGNFNFAGADYLVNWAQQNGKLIGGGMLVWHSHLPSWVSSITDKETLTNVMKNHITTLMTRYKGKIRTWDVVGEAFNEDGSLRQNVFLNVIGEDYIPIAFQTARAADPNAKLYIMDYNLDSASYPKTQAIVNKVKQWRAAGVPIDGIGSQMHLSAGQGAGVLQALPLLASAGTPEVSILMLDVAGASPTDYVNVVNACLNVQSCVGITSFGVADPDSWRASTTPLLFDGNFNPKPAYNAIVQDLQQ
184;I10M,M49L,K50Q,T54V,L69V,G82A,M84C,S89N,Q90F,N102E,A125V,E131S,T142N,M172A,Y174S,R190K,Q207M,H209N,F267M,W275A,R276F,T279S,D300N;0.000199066;0.082010818;EAAQSVDQLMKARGKVYFGVATDQNRLTTGKNAAIIQADFGMVWPENSLQWDAVEPSQGNFNFAGADYVVNWAQQNGKLIGAGCLVWHNFLPSWVSSITDKETLTNVMKNHITTLMTRYKGKIRVWDVVGSAFNEDGSLRQNVFLNVIGEDYIPIAFQTARAADPNAKLYIADSNLDSASYPKTQAIVNKVKQWRAAGVPIDGIGSMTNLSAGQGAGVLQALPLLASAGTPEVSILMLDVAGASPTDYVNVVNACLNVQSCVGITVMGVADPDSAFASSTPLLFDGNFNPKPAYNAIVQNLQQ
185;V6I,Q37K,M49L,K50Q,T54V,Q90H,T105I,A125T,T142N,Q207M,H209N,F267M,W275A,R276F,T279S,D300N;0.000194568;0.080158005;EAAQSIDQLIKARGKVYFGVATDQNRLTTGKNAAIIKADFGMVWPENSLQWDAVEPSQGNFNFAGADYLVNWAQQNGKLIGGGMLVWHSHLPSWVSSITDKNTLINVMKNHITTLMTRYKGKIRTWDVVGEAFNEDGSLRQNVFLNVIGEDYIPIAFQTARAADPNAKLYIMDYNLDSASYPKTQAIVNRVKQWRAAGVPIDGIGSMTNLSAGQGAGVLQALPLLASAGTPEVSILMLDVAGASPTDYVNVVNACLNVQSCVGITVMGVADPDSAFASSTPLLFDGNFNPKPAYNAIVQNLQQ
186;I10M,M49L,K50Q,T54V,L69V,S89N,Q90F,N102E,A125V,E131S,P154K,R190K,Q207M,H209N,V266S,D300N;0.000192423;0.079274046;EAAQSVDQLMKARGKVYFGVATDQNRLTTGKNAAIIQADFGMVWPENSLQWDAVEPSQGNFNFAGADYVVNWAQQNGKLIGGGMLVWHNFLPSWVSSITDKETLTNVMKNHITTLMTRYKGKIRVWDVVGSAFNEDGSLRQTVFLNVIGEDYIKIAFQTARAADPNAKLYIMDYNLDSASYPKTQAIVNKVKQWRAAGVPIDGIGSMTNLSAGQGAGVLQALPLLASAGTPEVSILMLDVAGASPTDYVNVVNACLNVQSCVGITSFGVADPDSWRASTTPLLFDGNFNPKPAYNAIVQNLQQ
187;I10M,M49L,K50Q,T54V,L69V,Q90H,N102E,A125V,E131S,P154K,R190K,Q207M,H209N,F267M,W275A,R276F,T279S,D300N;0.000189179;0.077937594;EAAQSVDQLMKARGKVYFGVATDQNRLTTGKNAAIIQADFGMVWPENSLQWDAVEPSQGNFNFAGADYVVNWAQQNGKLIGGGMLVWHSHLPSWVSSITDKETLTNVMKNHITTLMTRYKGKIRVWDVVGSAFNEDGSLRQTVFLNVIGEDYIKIAFQTARAADPNAKLYIMDYNLDSASYPKTQAIVNKVKQWRAAGVPIDGIGSMTNLSAGQGAGVLQALPLLASAGTPEVSILMLDVAGASPTDYVNVVNACLNVQSCVGITVMGVADPDSAFASSTPLLFDGNFNPKPAYNAIVQNLQQ
188;I10M,M49L,K50Q,T54V,Q90H,N102E,A125V,T208M,F267M,W275A,R276F,T279S;0.000178218;0.073421895;EAAQSVDQLMKARGKVYFGVATDQNRLTTGKNAAIIQADFGMVWPENSLQWDAVEPSQGNFNFAGADYLVNWAQQNGKLIGGGMLVWHSHLPSWVSSITDKETLTNVMKNHITTLMTRYKGKIRVWDVVGEAFNEDGSLRQTVFLNVIGEDYIPIAFQTARAADPNAKLYIMDYNLDSASYPKTQAIVNRVKQWRAAGVPIDGIGSQMHLSAGQGAGVLQALPLLASAGTPEVSILMLDVAGASPTDYVNVVNACLNVQSCVGITVMGVADPDSAFASSTPLLFDGNFNPKPAYNAIVQDLQQ
189;V6I,Q37K,N47E,K50Q,G82A,M84C,S89N,Q90F,T105I,A125V,E131S,T142N,M172A,Y174S,R190K,T208M,F267M,W275A,R276F,T279S,D300N;0.000177578;0.073158227;EAAQSIDQLIKARGKVYFGVATDQNRLTTGKNAAIIKADFGMVWPEESMQWDATEPSQGNFNFAGADYLVNWAQQNGKLIGAGCLVWHNFLPSWVSSITDKNTLINVMKNHITTLMTRYKGKIRVWDVVGSAFNEDGSLRQNVFLNVIGEDYIPIAFQTARAADPNAKLYIADSNLDSASYPKTQAIVNKVKQWRAAGVPIDGIGSQMHLSAGQGAGVLQALPLLASAGTPEVSILMLDVAGASPTDYVNVVNACLNVQSCVGITVMGVADPDSAFASSTPLLFDGNFNPKPAYNAIVQNLQQ
190;V6I,Q37K,N47E,K50Q,Q90H,T105I,A125T,T142N,Q207M,H209N,F267M,W275A,R276F,T279S,D300N;0.000176623;0.072764938;EAAQSIDQLIKARGKVYFGVATDQNRLTTGKNAAIIKADFGMVWPEESMQWDATEPSQGNFNFAGADYLVNWAQQNGKLIGGGMLVWHSHLPSWVSSITDKNTLINVMKNHITTLMTRYKGKIRTWDVVGEAFNEDGSLRQNVFLNVIGEDYIPIAFQTARAADPNAKLYIMDYNLDSASYPKTQAIVNRVKQWRAAGVPIDGIGSMTNLSAGQGAGVLQALPLLASAGTPEVSILMLDVAGASPTDYVNVVNACLNVQSCVGITVMGVADPDSAFASSTPLLFDGNFNPKPAYNAIVQNLQQ
191;I10M,M49L,K50Q,T54V,L69V,Q90H,N102E,A125V,E131S,T142N,Q207M,H209N,F267M,W275A,R276F,T279S,D300N;0.00017608;0.072541337;EAAQSVDQLMKARGKVYFGVATDQNRLTTGKNAAIIQADFGMVWPENSLQWDAVEPSQGNFNFAGADYVVNWAQQNGKLIGGGMLVWHSHLPSWVSSITDKETLTNVMKNHITTLMTRYKGKIRVWDVVGSAFNEDGSLRQNVFLNVIGEDYIPIAFQTARAADPNAKLYIMDYNLDSASYPKTQAIVNRVKQWRAAGVPIDGIGSMTNLSAGQGAGVLQALPLLASAGTPEVSILMLDVAGASPTDYVNVVNACLNVQSCVGITVMGVADPDSAFASSTPLLFDGNFNPKPAYNAIVQNLQQ
192;V6I,Q37K,N47E,K50Q,L69V,Q90H,N102E,A125T,T142N,Q207M,H209N,F267M,W275A,R276F,T279S;0.000171079;0.070480999;EAAQSIDQLIKARGKVYFGVATDQNRLTTGKNAAIIKADFGMVWPEESMQWDATEPSQGNFNFAGADYVVNWAQQNGKLIGGGMLVWHSHLPSWVSSITDKETLTNVMKNHITTLMTRYKGKIRTWDVVGEAFNEDGSLRQNVFLNVIGEDYIPIAFQTARAADPNAKLYIMDYNLDSASYPKTQAIVNRVKQWRAAGVPIDGIGSMTNLSAGQGAGVLQALPLLASAGTPEVSILMLDVAGASPTDYVNVVNACLNVQSCVGITVMGVADPDSAFASSTPLLFDGNFNPKPAYNAIVQDLQQ
193;I10M,M49L,K50Q,T54V,L69V,Q90H,N102E,A125V,E131S,P154K,Q207M,H209N,F267M,W275A,R276F;0.00017017;0.070106363;EAAQSVDQLMKARGKVYFGVATDQNRLTTGKNAAIIQADFGMVWPENSLQWDAVEPSQGNFNFAGADYVVNWAQQNGKLIGGGMLVWHSHLPSWVSSITDKETLTNVMKNHITTLMTRYKGKIRVWDVVGSAFNEDGSLRQTVFLNVIGEDYIKIAFQTARAADPNAKLYIMDYNLDSASYPKTQAIVNRVKQWRAAGVPIDGIGSMTNLSAGQGAGVLQALPLLASAGTPEVSILMLDVAGASPTDYVNVVNACLNVQSCVGITVMGVADPDSAFASTTPLLFDGNFNPKPAYNAIVQDLQQ
194;V6I,Q37K,N47E,K50Q,L69V,Q90H,T105I,A125T,T142N,Q207M,H209N,V266S,W275A,R276F,D300N;0.000168902;0.069584149;EAAQSIDQLIKARGKVYFGVATDQNRLTTGKNAAIIKADFGMVWPEESMQWDATEPSQGNFNFAGADYVVNWAQQNGKLIGGGMLVWHSHLPSWVSSITDKNTLINVMKNHITTLMTRYKGKIRTWDVVGEAFNEDGSLRQNVFLNVIGEDYIPIAFQTARAADPNAKLYIMDYNLDSASYPKTQAIVNRVKQWRAAGVPIDGIGSMTNLSAGQGAGVLQALPLLASAGTPEVSILMLDVAGASPTDYVNVVNACLNVQSCVGITSFGVADPDSAFASTTPLLFDGNFNPKPAYNAIVQNLQQ
195;I10M,Q37K,M49L,K50Q,T54V,G82A,M84C,S89N,Q90F,N102E,A125V,E131S,P154K,M172A,Y174S,R190K,T208M,V266S;0.000168222;0.069303831;EAAQSVDQLMKARGKVYFGVATDQNRLTTGKNAAIIKADFGMVWPENSLQWDAVEPSQGNFNFAGADYLVNWAQQNGKLIGAGCLVWHNFLPSWVSSITDKETLTNVMKNHITTLMTRYKGKIRVWDVVGSAFNEDGSLRQTVFLNVIGEDYIKIAFQTARAADPNAKLYIADSNLDSASYPKTQAIVNKVKQWRAAGVPIDGIGSQMHLSAGQGAGVLQALPLLASAGTPEVSILMLDVAGASPTDYVNVVNACLNVQSCVGITSFGVADPDSWRASTTPLLFDGNFNPKPAYNAIVQDLQQ
196;V6I,Q37K,G82A,M84C,S89N,Q90F,N102E,A125V,T142N,M172A,Y174S,R190K,Q207M,H209N,F267M,W275A,R276F,T279S;0.000162587;0.066982367;EAAQSIDQLIKARGKVYFGVATDQNRLTTGKNAAIIKADFGMVWPENSMKWDATEPSQGNFNFAGADYLVNWAQQNGKLIGAGCLVWHNFLPSWVSSITDKETLTNVMKNHITTLMTRYKGKIRVWDVVGEAFNEDGSLRQNVFLNVIGEDYIPIAFQTARAADPNAKLYIADSNLDSASYPKTQAIVNKVKQWRAAGVPIDGIGSMTNLSAGQGAGVLQALPLLASAGTPEVSILMLDVAGASPTDYVNVVNACLNVQSCVGITVMGVADPDSAFASSTPLLFDGNFNPKPAYNAIVQDLQQ
197;V6I,N47E,K50Q,T54V,Q90H,N102E,A125V,E131S,R190K,Q207M,H209N,F267M,D300N;0.000156598;0.064515189;EAAQSIDQLIKARGKVYFGVATDQNRLTTGKNAAIIQADFGMVWPEESMQWDAVEPSQGNFNFAGADYLVNWAQQNGKLIGGGMLVWHSHLPSWVSSITDKETLTNVMKNHITTLMTRYKGKIRVWDVVGSAFNEDGSLRQTVFLNVIGEDYIPIAFQTARAADPNAKLYIMDYNLDSASYPKTQAIVNKVKQWRAAGVPIDGIGSMTNLSAGQGAGVLQALPLLASAGTPEVSILMLDVAGASPTDYVNVVNACLNVQSCVGITVMGVADPDSWRASTTPLLFDGNFNPKPAYNAIVQNLQQ
198;I10M,M49L,K50Q,L69V,Q90H,T105I,A125T,E131S,T142N,Q207M,H209N,F267M,W275A,R276F,T279S,D300N;0.000118183;0.048688895;EAAQSVDQLMKARGKVYFGVATDQNRLTTGKNAAIIQADFGMVWPENSLQWDATEPSQGNFNFAGADYVVNWAQQNGKLIGGGMLVWHSHLPSWVSSITDKNTLINVMKNHITTLMTRYKGKIRTWDVVGSAFNEDGSLRQNVFLNVIGEDYIPIAFQTARAADPNAKLYIMDYNLDSASYPKTQAIVNRVKQWRAAGVPIDGIGSMTNLSAGQGAGVLQALPLLASAGTPEVSILMLDVAGASPTDYVNVVNACLNVQSCVGITVMGVADPDSAFASSTPLLFDGNFNPKPAYNAIVQNLQQ
